pair_id,context_id,title_a,title_b,track_id_a,track_id_b,track_a_source_path,track_b_source_path,engine_decision_class,engine_recommendation_policy,engine_score,engine_confidence,engine_strategy,engine_blend_profile_auto,engine_blend_profile_explanation,engine_alternative_strategies,engine_standard_blend_allowed,engine_tempo_gate,engine_harmonic_gate,engine_tempo_feasibility,engine_tempo_relation,engine_harmonic_relation,engine_context_fit,engine_bass_conflict_risk,engine_vocal_clash_risk,engine_window_a_id,engine_window_a_type,engine_window_a(mm:ss),engine_window_b_id,engine_window_b_type,engine_window_b(mm:ss),engine_pair_window_a(mm:ss),engine_pair_window_b(mm:ss),engine_pair_score,engine_compatible_contexts,engine_policy_reasons,engine_risks,engine_warnings,dj_verdict(accept/review/reject),dj_mixability_rating,dj_transition_strategy,dj_comment
06987e170b8722e1__0b6db038bbd47b93,,BRUX (AUS) - Pull The Trigger (Original Mix),"Fold, cu.rve - Business (Original Mix)",06987e170b8722e1,0b6db038bbd47b93,data/raw/BRUX (AUS) - Pull The Trigger (Original Mix).mp3,"data/raw/Fold, cu.rve - Business (Original Mix).mp3",review_required,review_only,0.6664,0.69,standard_blend,bass_swap,Auto mode selects bass swap because bass conflict risk 0.49 favors a deliberate low-end handoff.,phrase_aligned_blend;short_blend,True,pass,review,high,direct,unknown,,0.4893,0.3348,06987e170b8722e1_tw3,mix_out,2:50-3:06,0b6db038bbd47b93_tw3,mix_in,0:17-0:33,2:50-3:06,0:17-0:33,1.4522,,harmonic risk 0.60 needs masking or careful transition timing;shared rules require manual review,moderate bass conflict (0.49);harmonic risk 0.60 — unknown key move;harmonic risk 0.60 needs masking or careful transition timing,"style fit unavailable (missing style labels) — neutral;low key confidence — verify key before trusting harmonic result;context fit unavailable (no context profile) — neutral;no context profile — role/fit is context-free;not DJ-validated — output is a candidate estimate, not ground truth;conflicting descriptors — interpretation is unstable",,,,
06987e170b8722e1__0d74f481c29d23c7,,BRUX (AUS) - Pull The Trigger (Original Mix),Butch - Schlecker (Original Mix),06987e170b8722e1,0d74f481c29d23c7,data/raw/BRUX (AUS) - Pull The Trigger (Original Mix).mp3,data/raw/Butch - Schlecker (Original Mix).mp3,non_standard_strategy_required,review_only,0.5904,0.69,tempo_ramp,plain_blend,Auto mode falls back to plain blend because the engine prefers tempo ramp over a standard overlap.,echo_out;break_transition;hard_cut,False,strategy_dependent,review,medium,direct,unknown,,0.398,0.3348,06987e170b8722e1_tw3,mix_out,2:50-3:06,0d74f481c29d23c7_tw1,mix_out,6:12-6:22,2:50-3:06,6:12-6:22,1.6162,club_closing;club_peak,effective BPM gap 9.8% needs a non-standard tempo strategy;harmonic risk 0.60 needs masking or careful transition timing;shared rules require manual review,harmonic risk 0.60 — unknown key move;effective BPM gap 9.8% needs a non-standard tempo strategy;harmonic risk 0.60 needs masking or careful transition timing;tempo relation requires a non-standard transition strategy,"style fit unavailable (missing style labels) — neutral;low key confidence — verify key before trusting harmonic result;context fit unavailable (no context profile) — neutral;no context profile — role/fit is context-free;not DJ-validated — output is a candidate estimate, not ground truth;conflicting descriptors — interpretation is unstable;standard blend is risky at this BPM gap — non-standard strategy preferred; shared rules suggest a non-standard exit",,,,
06987e170b8722e1__4056c8ee53cfb090,,BRUX (AUS) - Pull The Trigger (Original Mix),"Oscar Farrell, Mount XLR - Mod Break (Original Mix)",06987e170b8722e1,4056c8ee53cfb090,data/raw/BRUX (AUS) - Pull The Trigger (Original Mix).mp3,"data/raw/Oscar Farrell, Mount XLR - Mod Break (Original Mix).mp3",review_required,review_only,0.6227,0.69,phrase_aligned_blend,bass_swap,Auto mode selects bass swap because bass conflict risk 0.49 favors a deliberate low-end handoff.,short_blend;echo_out,True,pass,review,medium,direct,unknown,,0.4923,0.2867,06987e170b8722e1_tw3,mix_out,2:50-3:06,4056c8ee53cfb090_tw1,mix_in,1:20-1:36,2:50-3:06,1:20-1:36,1.7851,club_closing;club_peak,harmonic risk 0.59 needs masking or careful transition timing;shared rules require manual review,moderate bass conflict (0.49);harmonic risk 0.59 — unknown key move;harmonic risk 0.59 needs masking or careful transition timing,"style fit unavailable (missing style labels) — neutral;low key confidence — verify key before trusting harmonic result;context fit unavailable (no context profile) — neutral;no context profile — role/fit is context-free;not DJ-validated — output is a candidate estimate, not ground truth;conflicting descriptors — interpretation is unstable;tempo gap is above easy-blend range — keep the overlap disciplined",,,,
06987e170b8722e1__48c18f8c79fc588e,,BRUX (AUS) - Pull The Trigger (Original Mix),"Mala, Magugu - Militant Don (Vocal)",06987e170b8722e1,48c18f8c79fc588e,data/raw/BRUX (AUS) - Pull The Trigger (Original Mix).mp3,"data/raw/Mala, Magugu - Militant Don (Vocal).mp3",review_required,review_only,0.675,0.69,standard_blend,bass_swap,Auto mode selects bass swap because bass conflict risk 0.51 favors a deliberate low-end handoff.,phrase_aligned_blend;short_blend,True,pass,review,high,direct,unknown,,0.509,0.2722,06987e170b8722e1_tw3,mix_out,2:50-3:06,48c18f8c79fc588e_tw1,mix_in,0:16-0:32,2:50-3:06,0:16-0:32,1.6452,,harmonic risk 0.58 needs masking or careful transition timing;shared rules require manual review,moderate bass conflict (0.51);harmonic risk 0.58 — unknown key move;harmonic risk 0.58 needs masking or careful transition timing,"style fit unavailable (missing style labels) — neutral;low key confidence — verify key before trusting harmonic result;context fit unavailable (no context profile) — neutral;no context profile — role/fit is context-free;not DJ-validated — output is a candidate estimate, not ground truth;conflicting descriptors — interpretation is unstable",,,,
06987e170b8722e1__76609e489f01f9de,,BRUX (AUS) - Pull The Trigger (Original Mix),Rohaan - Got No _3 (Original Mix),06987e170b8722e1,76609e489f01f9de,data/raw/BRUX (AUS) - Pull The Trigger (Original Mix).mp3,data/raw/Rohaan - Got No _3 (Original Mix).mp3,review_required,review_only,0.6766,0.69,standard_blend,bass_swap,Auto mode selects bass swap because bass conflict risk 0.46 favors a deliberate low-end handoff.,phrase_aligned_blend;short_blend,True,pass,review,high,direct,unknown,,0.4604,0.3348,06987e170b8722e1_tw3,mix_out,2:50-3:06,76609e489f01f9de_tw1,bridge,1:31-1:47,2:50-3:06,1:31-1:47,1.4935,club_closing;club_peak,harmonic risk 0.63 needs masking or careful transition timing;shared rules require manual review,moderate bass conflict (0.46);harmonic risk 0.63 — unknown key move;harmonic risk 0.63 needs masking or careful transition timing,"style fit unavailable (missing style labels) — neutral;low key confidence — verify key before trusting harmonic result;context fit unavailable (no context profile) — neutral;no context profile — role/fit is context-free;not DJ-validated — output is a candidate estimate, not ground truth;conflicting descriptors — interpretation is unstable",,,,
06987e170b8722e1__79d93a2a256d0920,,BRUX (AUS) - Pull The Trigger (Original Mix),Bodhi - Thirst (Original Mix),06987e170b8722e1,79d93a2a256d0920,data/raw/BRUX (AUS) - Pull The Trigger (Original Mix).mp3,data/raw/Bodhi - Thirst (Original Mix).mp3,review_required,review_only,0.6598,0.69,short_blend,contour_blend,Auto mode selects contour blend because vocal or mid exposure 0.33 favors a shaped overlap.,phrase_aligned_blend;standard_blend,True,pass,review,high,direct,unknown,,0.4016,0.3348,06987e170b8722e1_tw3,mix_out,2:50-3:06,79d93a2a256d0920_tw1,mix_in,0:59-1:15,2:50-3:06,0:59-1:15,1.7244,club_peak,harmonic risk 0.60 needs masking or careful transition timing;shared rules require manual review,moderate bass conflict (0.40);harmonic risk 0.60 — unknown key move;harmonic risk 0.60 needs masking or careful transition timing,"style fit unavailable (missing style labels) — neutral;low key confidence — verify key before trusting harmonic result;context fit unavailable (no context profile) — neutral;no context profile — role/fit is context-free;not DJ-validated — output is a candidate estimate, not ground truth;conflicting descriptors — interpretation is unstable",,,,
06987e170b8722e1__85d8116989ea2f32,,BRUX (AUS) - Pull The Trigger (Original Mix),O_Flynn - Srekye (Extended Mix),06987e170b8722e1,85d8116989ea2f32,data/raw/BRUX (AUS) - Pull The Trigger (Original Mix).mp3,data/raw/O_Flynn - Srekye (Extended Mix).mp3,review_required,review_only,0.5854,0.69,phrase_aligned_blend,contour_blend,Auto mode selects contour blend because vocal or mid exposure 0.33 favors a shaped overlap.,short_blend;echo_out,True,pass,review,medium,direct,unknown,,0.418,0.3348,06987e170b8722e1_tw3,mix_out,2:50-3:06,85d8116989ea2f32_tw2,mix_in,0:08-0:24,2:50-3:06,0:08-0:24,1.573,club_closing;club_peak,harmonic risk 0.63 needs masking or careful transition timing;shared rules require manual review,moderate bass conflict (0.42);harmonic risk 0.63 — unknown key move;harmonic risk 0.63 needs masking or careful transition timing,"style fit unavailable (missing style labels) — neutral;low key confidence — verify key before trusting harmonic result;context fit unavailable (no context profile) — neutral;no context profile — role/fit is context-free;not DJ-validated — output is a candidate estimate, not ground truth;conflicting descriptors — interpretation is unstable;tempo gap is above easy-blend range — keep the overlap disciplined",,,,
06987e170b8722e1__a749c305f32f7d51,,BRUX (AUS) - Pull The Trigger (Original Mix),AIROD - Rave Cycle (Original Mix),06987e170b8722e1,a749c305f32f7d51,data/raw/BRUX (AUS) - Pull The Trigger (Original Mix).mp3,data/raw/AIROD - Rave Cycle (Original Mix).mp3,non_standard_strategy_required,review_only,0.6272,0.69,tempo_ramp,plain_blend,Auto mode falls back to plain blend because the engine prefers tempo ramp over a standard overlap.,echo_out;break_transition;hard_cut,False,strategy_dependent,review,medium,direct,unknown,,0.509,0.0959,06987e170b8722e1_tw3,mix_out,2:50-3:06,a749c305f32f7d51_tw1,mix_in,0:00-0:09,2:50-3:06,0:00-0:09,1.8062,club_closing;club_peak,effective BPM gap 7.5% needs a non-standard tempo strategy;harmonic risk 0.56 needs masking or careful transition timing;shared rules require manual review,moderate bass conflict (0.51);harmonic risk 0.56 — unknown key move;effective BPM gap 7.5% needs a non-standard tempo strategy;harmonic risk 0.56 needs masking or careful transition timing;tempo relation requires a non-standard transition strategy,"style fit unavailable (missing style labels) — neutral;low key confidence — verify key before trusting harmonic result;context fit unavailable (no context profile) — neutral;no context profile — role/fit is context-free;not DJ-validated — output is a candidate estimate, not ground truth;conflicting descriptors — interpretation is unstable;standard blend is risky at this BPM gap — non-standard strategy preferred; shared rules suggest a non-standard exit",,,,
06987e170b8722e1__aaecfee7674ae3ed,,BRUX (AUS) - Pull The Trigger (Original Mix),"TSVI, Josi Devil - M.e.S (feat. TSVI) (feat. TSVI)",06987e170b8722e1,aaecfee7674ae3ed,data/raw/BRUX (AUS) - Pull The Trigger (Original Mix).mp3,"data/raw/TSVI, Josi Devil - M.e.S (feat. TSVI) (feat. TSVI).mp3",review_required,review_only,0.6859,0.69,short_blend,bass_swap,Auto mode selects bass swap because bass conflict risk 0.51 favors a deliberate low-end handoff.,phrase_aligned_blend;standard_blend,True,pass,review,high,direct,unknown,,0.509,0.1082,06987e170b8722e1_tw3,mix_out,2:50-3:06,aaecfee7674ae3ed_tw1,mix_in,0:33-0:49,2:50-3:06,0:33-0:49,1.9204,club_closing;club_peak,harmonic risk 0.54 needs masking or careful transition timing;shared rules require manual review,moderate bass conflict (0.51);harmonic risk 0.54 — unknown key move;harmonic risk 0.54 needs masking or careful transition timing,"style fit unavailable (missing style labels) — neutral;low key confidence — verify key before trusting harmonic result;context fit unavailable (no context profile) — neutral;no context profile — role/fit is context-free;not DJ-validated — output is a candidate estimate, not ground truth;conflicting descriptors — interpretation is unstable",,,,
06987e170b8722e1__b2d3c5c17b5e26ac,,BRUX (AUS) - Pull The Trigger (Original Mix),Bodhi - 433Mhz (Original Mix),06987e170b8722e1,b2d3c5c17b5e26ac,data/raw/BRUX (AUS) - Pull The Trigger (Original Mix).mp3,data/raw/Bodhi - 433Mhz (Original Mix).mp3,review_required,review_only,0.65,0.69,short_blend,contour_blend,Auto mode selects contour blend because vocal or mid exposure 0.33 favors a shaped overlap.,phrase_aligned_blend;standard_blend,True,pass,review,high,direct,unknown,,0.4354,0.3348,06987e170b8722e1_tw3,mix_out,2:50-3:06,b2d3c5c17b5e26ac_tw2,mix_in,0:49-1:05,2:50-3:06,0:49-1:05,1.5546,,harmonic risk 0.61 needs masking or careful transition timing;shared rules require manual review,moderate bass conflict (0.44);harmonic risk 0.61 — unknown key move;harmonic risk 0.61 needs masking or careful transition timing,"style fit unavailable (missing style labels) — neutral;low key confidence — verify key before trusting harmonic result;context fit unavailable (no context profile) — neutral;no context profile — role/fit is context-free;not DJ-validated — output is a candidate estimate, not ground truth;conflicting descriptors — interpretation is unstable",,,,
06987e170b8722e1__deb940c4a6052fed,,BRUX (AUS) - Pull The Trigger (Original Mix),Jorg Kuning - Mercedes (Original Mix),06987e170b8722e1,deb940c4a6052fed,data/raw/BRUX (AUS) - Pull The Trigger (Original Mix).mp3,data/raw/Jorg Kuning - Mercedes (Original Mix).mp3,review_required,review_only,0.6188,0.69,phrase_aligned_blend,bass_swap,Auto mode selects bass swap because bass conflict risk 0.51 favors a deliberate low-end handoff.,short_blend;echo_out,True,pass,review,medium,direct,unknown,,0.509,0.2641,06987e170b8722e1_tw3,mix_out,2:50-3:06,deb940c4a6052fed_tw1,mix_in,0:03-0:19,2:50-3:06,0:03-0:19,1.7138,,harmonic risk 0.58 needs masking or careful transition timing;shared rules require manual review,moderate bass conflict (0.51);harmonic risk 0.58 — unknown key move;harmonic risk 0.58 needs masking or careful transition timing,"style fit unavailable (missing style labels) — neutral;low key confidence — verify key before trusting harmonic result;context fit unavailable (no context profile) — neutral;no context profile — role/fit is context-free;not DJ-validated — output is a candidate estimate, not ground truth;conflicting descriptors — interpretation is unstable;tempo gap is above easy-blend range — keep the overlap disciplined",,,,
06987e170b8722e1__e3b089eb3589fe94,,BRUX (AUS) - Pull The Trigger (Original Mix),Muskila - YARAO (Original Mix),06987e170b8722e1,e3b089eb3589fe94,data/raw/BRUX (AUS) - Pull The Trigger (Original Mix).mp3,data/raw/Muskila - YARAO (Original Mix).mp3,review_required,review_only,0.6757,0.69,short_blend,bass_swap,Auto mode selects bass swap because bass conflict risk 0.51 favors a deliberate low-end handoff.,phrase_aligned_blend;standard_blend,True,pass,review,high,direct,unknown,,0.509,0.1605,06987e170b8722e1_tw3,mix_out,2:50-3:06,e3b089eb3589fe94_tw2,mix_in,0:00-0:16,2:50-3:06,0:00-0:16,1.7483,,harmonic risk 0.55 needs masking or careful transition timing;shared rules require manual review,moderate bass conflict (0.51);harmonic risk 0.55 — unknown key move;harmonic risk 0.55 needs masking or careful transition timing,"style fit unavailable (missing style labels) — neutral;low key confidence — verify key before trusting harmonic result;context fit unavailable (no context profile) — neutral;no context profile — role/fit is context-free;not DJ-validated — output is a candidate estimate, not ground truth;conflicting descriptors — interpretation is unstable",,,,
06987e170b8722e1__ecf64aa98ccd4467,,BRUX (AUS) - Pull The Trigger (Original Mix),Bicep - CHROMA 004 ROLA (Original Mix),06987e170b8722e1,ecf64aa98ccd4467,data/raw/BRUX (AUS) - Pull The Trigger (Original Mix).mp3,data/raw/Bicep - CHROMA 004 ROLA (Original Mix).mp3,reject_standard_blend,suppress,0.5273,0.62,hard_cut,plain_blend,Auto mode falls back to plain blend because the engine prefers hard cut over a standard overlap.,echo_out,False,fail,review,low,direct,unknown,,0.509,0.2477,06987e170b8722e1_tw3,mix_out,2:50-3:06,ecf64aa98ccd4467_tw2,mix_in,0:00-0:09,2:50-3:06,0:00-0:09,1.6371,,extreme BPM jump 32.7% breaches the shared hard limit;harmonic risk 0.58 needs masking or careful transition timing;shared hard block triggered recommendation suppression,moderate bass conflict (0.51);harmonic risk 0.58 — unknown key move;extreme BPM jump 32.7% breaches the shared hard limit;harmonic risk 0.58 needs masking or careful transition timing;tempo gate failed — reject standard blend;shared pair rules triggered a hard block for standard blending,"style fit unavailable (missing style labels) — neutral;low key confidence — verify key before trusting harmonic result;context fit unavailable (no context profile) — neutral;no context profile — role/fit is context-free;not DJ-validated — output is a candidate estimate, not ground truth;conflicting descriptors — interpretation is unstable;extreme BPM jump — reject standard blend; shared rules suggest a non-standard exit",,,,
06987e170b8722e1__fea8b371ffd2adc5,,BRUX (AUS) - Pull The Trigger (Original Mix),Povoa - Hacked Lime (Original Mix),06987e170b8722e1,fea8b371ffd2adc5,data/raw/BRUX (AUS) - Pull The Trigger (Original Mix).mp3,data/raw/Povoa - Hacked Lime (Original Mix).mp3,non_standard_strategy_required,review_only,0.6098,0.69,tempo_ramp,plain_blend,Auto mode falls back to plain blend because the engine prefers tempo ramp over a standard overlap.,echo_out;break_transition;hard_cut,False,strategy_dependent,review,medium,direct,unknown,,0.4808,0.2431,06987e170b8722e1_tw3,mix_out,2:50-3:06,fea8b371ffd2adc5_tw2,mix_in,0:08-0:24,2:50-3:06,0:08-0:24,1.5954,club_peak,effective BPM gap 7.5% needs a non-standard tempo strategy;harmonic risk 0.59 needs masking or careful transition timing;shared rules require manual review,moderate bass conflict (0.48);harmonic risk 0.59 — unknown key move;effective BPM gap 7.5% needs a non-standard tempo strategy;harmonic risk 0.59 needs masking or careful transition timing;tempo relation requires a non-standard transition strategy,"style fit unavailable (missing style labels) — neutral;low key confidence — verify key before trusting harmonic result;context fit unavailable (no context profile) — neutral;no context profile — role/fit is context-free;not DJ-validated — output is a candidate estimate, not ground truth;conflicting descriptors — interpretation is unstable;standard blend is risky at this BPM gap — non-standard strategy preferred; shared rules suggest a non-standard exit",,,,
0b6db038bbd47b93__06987e170b8722e1,,"Fold, cu.rve - Business (Original Mix)",BRUX (AUS) - Pull The Trigger (Original Mix),0b6db038bbd47b93,06987e170b8722e1,"data/raw/Fold, cu.rve - Business (Original Mix).mp3",data/raw/BRUX (AUS) - Pull The Trigger (Original Mix).mp3,review_required,review_only,0.7037,0.69,standard_blend,bass_swap,Auto mode selects bass swap because bass conflict risk 0.49 favors a deliberate low-end handoff.,phrase_aligned_blend;short_blend,True,pass,review,high,direct,unknown,,0.4893,0.3348,0b6db038bbd47b93_tw1,bridge,2:11-2:27,06987e170b8722e1_tw2,mix_in,0:00-0:13,2:11-2:27,0:00-0:13,1.8788,club_opening;festival_daytime,harmonic risk 0.60 needs masking or careful transition timing;shared rules require manual review,moderate bass conflict (0.49);harmonic risk 0.60 — unknown key move;harmonic risk 0.60 needs masking or careful transition timing,"style fit unavailable (missing style labels) — neutral;low key confidence — verify key before trusting harmonic result;context fit unavailable (no context profile) — neutral;no context profile — role/fit is context-free;not DJ-validated — output is a candidate estimate, not ground truth;conflicting descriptors — interpretation is unstable",,,,
0b6db038bbd47b93__0d74f481c29d23c7,,"Fold, cu.rve - Business (Original Mix)",Butch - Schlecker (Original Mix),0b6db038bbd47b93,0d74f481c29d23c7,"data/raw/Fold, cu.rve - Business (Original Mix).mp3",data/raw/Butch - Schlecker (Original Mix).mp3,reject_standard_blend,suppress,0.5997,0.69,tempo_ramp,plain_blend,Auto mode falls back to plain blend because the engine prefers tempo ramp over a standard overlap.,echo_out;break_transition;hard_cut,False,strategy_dependent,fail,medium,direct,risky,,0.398,0.348,0b6db038bbd47b93_tw1,bridge,2:11-2:27,0d74f481c29d23c7_tw1,mix_out,6:12-6:22,2:11-2:27,6:12-6:22,1.893,club_closing;club_opening;club_peak;festival_daytime,effective BPM gap 9.8% needs a non-standard tempo strategy;harmonic clash risk 0.84 breaches the shared hard limit;shared hard block triggered recommendation suppression,harmonic risk 0.84 — risky key move;effective BPM gap 9.8% needs a non-standard tempo strategy;harmonic clash risk 0.84 breaches the shared hard limit;tempo relation requires a non-standard transition strategy;harmonic gate failed — exposed key clash risk;shared pair rules triggered a hard block for standard blending,"style fit unavailable (missing style labels) — neutral;risky key relation, but low harmonic exposure may mask it;context fit unavailable (no context profile) — neutral;no context profile — role/fit is context-free;not DJ-validated — output is a candidate estimate, not ground truth;conflicting descriptors — interpretation is unstable;standard blend is risky at this BPM gap — non-standard strategy preferred; shared rules suggest a non-standard exit",,,,
0b6db038bbd47b93__4056c8ee53cfb090,,"Fold, cu.rve - Business (Original Mix)","Oscar Farrell, Mount XLR - Mod Break (Original Mix)",0b6db038bbd47b93,4056c8ee53cfb090,"data/raw/Fold, cu.rve - Business (Original Mix).mp3","data/raw/Oscar Farrell, Mount XLR - Mod Break (Original Mix).mp3",reject_standard_blend,suppress,0.632,0.69,echo_out,plain_blend,Auto mode falls back to plain blend because the engine prefers echo out over a standard overlap.,short_blend;hard_cut,False,pass,fail,medium,direct,risky,,0.4893,0.2867,0b6db038bbd47b93_tw1,bridge,2:11-2:27,4056c8ee53cfb090_tw1,mix_in,1:20-1:36,2:11-2:27,1:20-1:36,2.0607,club_closing;club_opening;club_peak;festival_daytime,harmonic clash risk 0.81 breaches the shared hard limit;shared hard block triggered recommendation suppression,moderate bass conflict (0.49);harmonic risk 0.81 — risky key move;harmonic clash risk 0.81 breaches the shared hard limit;harmonic gate failed — exposed key clash risk;shared pair rules triggered a hard block for standard blending,"style fit unavailable (missing style labels) — neutral;risky key relation, but low harmonic exposure may mask it;context fit unavailable (no context profile) — neutral;no context profile — role/fit is context-free;not DJ-validated — output is a candidate estimate, not ground truth;conflicting descriptors — interpretation is unstable;tempo gap is above easy-blend range — keep the overlap disciplined; shared rules suggest a non-standard exit",,,,
0b6db038bbd47b93__48c18f8c79fc588e,,"Fold, cu.rve - Business (Original Mix)","Mala, Magugu - Militant Don (Vocal)",0b6db038bbd47b93,48c18f8c79fc588e,"data/raw/Fold, cu.rve - Business (Original Mix).mp3","data/raw/Mala, Magugu - Militant Don (Vocal).mp3",reject_standard_blend,suppress,0.6844,0.69,echo_out,plain_blend,Auto mode falls back to plain blend because the engine prefers echo out over a standard overlap.,phrase_aligned_blend;short_blend;hard_cut,False,pass,fail,high,direct,risky,,0.4893,0.2722,0b6db038bbd47b93_tw1,bridge,2:11-2:27,48c18f8c79fc588e_tw1,mix_in,0:16-0:32,2:11-2:27,0:16-0:32,1.9202,club_opening;festival_daytime,harmonic clash risk 0.81 breaches the shared hard limit;shared hard block triggered recommendation suppression,moderate bass conflict (0.49);harmonic risk 0.81 — risky key move;harmonic clash risk 0.81 breaches the shared hard limit;harmonic gate failed — exposed key clash risk;shared pair rules triggered a hard block for standard blending,"style fit unavailable (missing style labels) — neutral;risky key relation, but low harmonic exposure may mask it;context fit unavailable (no context profile) — neutral;no context profile — role/fit is context-free;not DJ-validated — output is a candidate estimate, not ground truth;conflicting descriptors — interpretation is unstable;shared rules suggest a non-standard exit instead of a standard blend",,,,
0b6db038bbd47b93__76609e489f01f9de,,"Fold, cu.rve - Business (Original Mix)",Rohaan - Got No _3 (Original Mix),0b6db038bbd47b93,76609e489f01f9de,"data/raw/Fold, cu.rve - Business (Original Mix).mp3",data/raw/Rohaan - Got No _3 (Original Mix).mp3,review_required,review_only,0.6951,0.69,standard_blend,bass_swap,Auto mode selects bass swap because bass conflict risk 0.46 favors a deliberate low-end handoff.,phrase_aligned_blend;short_blend,True,pass,review,high,direct,unknown,,0.4604,0.348,0b6db038bbd47b93_tw1,bridge,2:11-2:27,76609e489f01f9de_tw1,bridge,1:31-1:47,2:11-2:27,1:31-1:47,1.777,club_closing;club_opening;club_peak;festival_daytime,harmonic risk 0.63 needs masking or careful transition timing;shared rules require manual review,moderate bass conflict (0.46);harmonic risk 0.63 — unknown key move;harmonic risk 0.63 needs masking or careful transition timing,"style fit unavailable (missing style labels) — neutral;low key confidence — verify key before trusting harmonic result;context fit unavailable (no context profile) — neutral;no context profile — role/fit is context-free;not DJ-validated — output is a candidate estimate, not ground truth;conflicting descriptors — interpretation is unstable",,,,
0b6db038bbd47b93__79d93a2a256d0920,,"Fold, cu.rve - Business (Original Mix)",Bodhi - Thirst (Original Mix),0b6db038bbd47b93,79d93a2a256d0920,"data/raw/Fold, cu.rve - Business (Original Mix).mp3",data/raw/Bodhi - Thirst (Original Mix).mp3,reject_standard_blend,suppress,0.6675,0.69,echo_out,plain_blend,Auto mode falls back to plain blend because the engine prefers echo out over a standard overlap.,phrase_aligned_blend;standard_blend;hard_cut,False,pass,fail,high,direct,risky,,0.4016,0.3472,0b6db038bbd47b93_tw1,bridge,2:11-2:27,79d93a2a256d0920_tw1,mix_in,0:59-1:15,2:11-2:27,0:59-1:15,1.998,club_opening;club_peak;festival_daytime,harmonic clash risk 0.84 breaches the shared hard limit;shared hard block triggered recommendation suppression,moderate bass conflict (0.40);harmonic risk 0.84 — risky key move;harmonic clash risk 0.84 breaches the shared hard limit;harmonic gate failed — exposed key clash risk;shared pair rules triggered a hard block for standard blending,"style fit unavailable (missing style labels) — neutral;risky key relation, but low harmonic exposure may mask it;context fit unavailable (no context profile) — neutral;no context profile — role/fit is context-free;not DJ-validated — output is a candidate estimate, not ground truth;conflicting descriptors — interpretation is unstable;shared rules suggest a non-standard exit instead of a standard blend",,,,
0b6db038bbd47b93__85d8116989ea2f32,,"Fold, cu.rve - Business (Original Mix)",O_Flynn - Srekye (Extended Mix),0b6db038bbd47b93,85d8116989ea2f32,"data/raw/Fold, cu.rve - Business (Original Mix).mp3",data/raw/O_Flynn - Srekye (Extended Mix).mp3,review_required,review_only,0.6061,0.69,phrase_aligned_blend,contour_blend,Auto mode selects contour blend because vocal or mid exposure 0.35 favors a shaped overlap.,short_blend;echo_out,True,pass,review,medium,direct,unknown,,0.418,0.348,0b6db038bbd47b93_tw1,bridge,2:11-2:27,85d8116989ea2f32_tw2,mix_in,0:08-0:24,2:11-2:27,0:08-0:24,1.8606,club_closing;club_opening;club_peak;festival_daytime,harmonic risk 0.64 needs masking or careful transition timing;shared rules require manual review,moderate bass conflict (0.42);harmonic risk 0.64 — unknown key move;harmonic risk 0.64 needs masking or careful transition timing,"style fit unavailable (missing style labels) — neutral;low key confidence — verify key before trusting harmonic result;context fit unavailable (no context profile) — neutral;no context profile — role/fit is context-free;not DJ-validated — output is a candidate estimate, not ground truth;conflicting descriptors — interpretation is unstable;tempo gap is above easy-blend range — keep the overlap disciplined",,,,
0b6db038bbd47b93__a749c305f32f7d51,,"Fold, cu.rve - Business (Original Mix)",AIROD - Rave Cycle (Original Mix),0b6db038bbd47b93,a749c305f32f7d51,"data/raw/Fold, cu.rve - Business (Original Mix).mp3",data/raw/AIROD - Rave Cycle (Original Mix).mp3,non_standard_strategy_required,review_only,0.6495,0.69,tempo_ramp,plain_blend,Auto mode falls back to plain blend because the engine prefers tempo ramp over a standard overlap.,echo_out;break_transition;hard_cut,False,strategy_dependent,review,medium,direct,unknown,,0.4893,0.0959,0b6db038bbd47b93_tw1,bridge,2:11-2:27,a749c305f32f7d51_tw1,mix_in,0:00-0:09,2:11-2:27,0:00-0:09,2.0952,club_closing;club_opening;club_peak;festival_daytime,effective BPM gap 7.5% needs a non-standard tempo strategy;harmonic risk 0.56 needs masking or careful transition timing;shared rules require manual review,moderate bass conflict (0.49);harmonic risk 0.56 — unknown key move;effective BPM gap 7.5% needs a non-standard tempo strategy;harmonic risk 0.56 needs masking or careful transition timing;tempo relation requires a non-standard transition strategy,"style fit unavailable (missing style labels) — neutral;low key confidence — verify key before trusting harmonic result;context fit unavailable (no context profile) — neutral;no context profile — role/fit is context-free;not DJ-validated — output is a candidate estimate, not ground truth;conflicting descriptors — interpretation is unstable;standard blend is risky at this BPM gap — non-standard strategy preferred; shared rules suggest a non-standard exit",,,,
0b6db038bbd47b93__aaecfee7674ae3ed,,"Fold, cu.rve - Business (Original Mix)","TSVI, Josi Devil - M.e.S (feat. TSVI) (feat. TSVI)",0b6db038bbd47b93,aaecfee7674ae3ed,"data/raw/Fold, cu.rve - Business (Original Mix).mp3","data/raw/TSVI, Josi Devil - M.e.S (feat. TSVI) (feat. TSVI).mp3",review_required,review_only,0.6993,0.69,short_blend,bass_swap,Auto mode selects bass swap because bass conflict risk 0.49 favors a deliberate low-end handoff.,phrase_aligned_blend;standard_blend,True,pass,review,high,direct,risky,,0.4893,0.1082,0b6db038bbd47b93_tw1,bridge,2:11-2:27,aaecfee7674ae3ed_tw1,mix_in,0:33-0:49,2:11-2:27,0:33-0:49,2.2018,club_closing;club_opening;club_peak;festival_daytime,harmonic risk 0.74 needs masking or careful transition timing;shared rules require manual review,moderate bass conflict (0.49);harmonic risk 0.74 — risky key move;harmonic risk 0.74 needs masking or careful transition timing,"style fit unavailable (missing style labels) — neutral;risky key relation, but low harmonic exposure may mask it;context fit unavailable (no context profile) — neutral;no context profile — role/fit is context-free;not DJ-validated — output is a candidate estimate, not ground truth;conflicting descriptors — interpretation is unstable",,,,
0b6db038bbd47b93__b2d3c5c17b5e26ac,,"Fold, cu.rve - Business (Original Mix)",Bodhi - 433Mhz (Original Mix),0b6db038bbd47b93,b2d3c5c17b5e26ac,"data/raw/Fold, cu.rve - Business (Original Mix).mp3",data/raw/Bodhi - 433Mhz (Original Mix).mp3,reject_standard_blend,suppress,0.6587,0.69,echo_out,plain_blend,Auto mode falls back to plain blend because the engine prefers echo out over a standard overlap.,phrase_aligned_blend;standard_blend;hard_cut,False,pass,fail,high,direct,risky,,0.4354,0.348,0b6db038bbd47b93_tw1,bridge,2:11-2:27,b2d3c5c17b5e26ac_tw2,mix_in,0:49-1:05,2:11-2:27,0:49-1:05,1.8308,club_opening;festival_daytime,harmonic clash risk 0.85 breaches the shared hard limit;shared hard block triggered recommendation suppression,moderate bass conflict (0.44);harmonic risk 0.85 — risky key move;harmonic clash risk 0.85 breaches the shared hard limit;harmonic gate failed — exposed key clash risk;shared pair rules triggered a hard block for standard blending,"style fit unavailable (missing style labels) — neutral;risky key relation, but low harmonic exposure may mask it;context fit unavailable (no context profile) — neutral;no context profile — role/fit is context-free;not DJ-validated — output is a candidate estimate, not ground truth;conflicting descriptors — interpretation is unstable;shared rules suggest a non-standard exit instead of a standard blend",,,,
0b6db038bbd47b93__deb940c4a6052fed,,"Fold, cu.rve - Business (Original Mix)",Jorg Kuning - Mercedes (Original Mix),0b6db038bbd47b93,deb940c4a6052fed,"data/raw/Fold, cu.rve - Business (Original Mix).mp3",data/raw/Jorg Kuning - Mercedes (Original Mix).mp3,reject_standard_blend,suppress,0.6335,0.69,echo_out,plain_blend,Auto mode falls back to plain blend because the engine prefers echo out over a standard overlap.,short_blend;hard_cut,False,pass,fail,medium,direct,risky,,0.4893,0.2641,0b6db038bbd47b93_tw1,bridge,2:11-2:27,deb940c4a6052fed_tw1,mix_in,0:03-0:19,2:11-2:27,0:03-0:19,1.9988,club_opening;festival_daytime,harmonic clash risk 0.80 breaches the shared hard limit;shared hard block triggered recommendation suppression,moderate bass conflict (0.49);harmonic risk 0.80 — risky key move;harmonic clash risk 0.80 breaches the shared hard limit;harmonic gate failed — exposed key clash risk;shared pair rules triggered a hard block for standard blending,"style fit unavailable (missing style labels) — neutral;risky key relation, but low harmonic exposure may mask it;context fit unavailable (no context profile) — neutral;no context profile — role/fit is context-free;not DJ-validated — output is a candidate estimate, not ground truth;conflicting descriptors — interpretation is unstable;tempo gap is above easy-blend range — keep the overlap disciplined; shared rules suggest a non-standard exit",,,,
0b6db038bbd47b93__e3b089eb3589fe94,,"Fold, cu.rve - Business (Original Mix)",Muskila - YARAO (Original Mix),0b6db038bbd47b93,e3b089eb3589fe94,"data/raw/Fold, cu.rve - Business (Original Mix).mp3",data/raw/Muskila - YARAO (Original Mix).mp3,reject_standard_blend,suppress,0.6866,0.69,echo_out,plain_blend,Auto mode falls back to plain blend because the engine prefers echo out over a standard overlap.,phrase_aligned_blend;standard_blend;hard_cut,False,pass,fail,high,direct,risky,,0.4893,0.1605,0b6db038bbd47b93_tw1,bridge,2:11-2:27,e3b089eb3589fe94_tw2,mix_in,0:00-0:16,2:11-2:27,0:00-0:16,2.0252,club_opening;festival_daytime,harmonic clash risk 0.76 breaches the shared hard limit;shared hard block triggered recommendation suppression,moderate bass conflict (0.49);harmonic risk 0.76 — risky key move;harmonic clash risk 0.76 breaches the shared hard limit;harmonic gate failed — exposed key clash risk;shared pair rules triggered a hard block for standard blending,"style fit unavailable (missing style labels) — neutral;risky key relation, but low harmonic exposure may mask it;context fit unavailable (no context profile) — neutral;no context profile — role/fit is context-free;not DJ-validated — output is a candidate estimate, not ground truth;conflicting descriptors — interpretation is unstable;shared rules suggest a non-standard exit instead of a standard blend",,,,
0b6db038bbd47b93__ecf64aa98ccd4467,,"Fold, cu.rve - Business (Original Mix)",Bicep - CHROMA 004 ROLA (Original Mix),0b6db038bbd47b93,ecf64aa98ccd4467,"data/raw/Fold, cu.rve - Business (Original Mix).mp3",data/raw/Bicep - CHROMA 004 ROLA (Original Mix).mp3,reject_standard_blend,suppress,0.5378,0.62,reset,plain_blend,Auto mode falls back to plain blend because the engine prefers reset over a standard overlap.,echo_out;hard_cut,False,fail,fail,low,direct,risky,,0.4893,0.2477,0b6db038bbd47b93_tw1,bridge,2:11-2:27,ecf64aa98ccd4467_tw2,mix_in,0:00-0:09,2:11-2:27,0:00-0:09,1.9139,club_opening;festival_daytime,extreme BPM jump 32.7% breaches the shared hard limit;harmonic clash risk 0.80 breaches the shared hard limit;shared hard block triggered recommendation suppression,moderate bass conflict (0.49);harmonic risk 0.80 — risky key move;extreme BPM jump 32.7% breaches the shared hard limit;harmonic clash risk 0.80 breaches the shared hard limit;tempo gate failed — reject standard blend;harmonic gate failed — exposed key clash risk;shared pair rules triggered a hard block for standard blending,"style fit unavailable (missing style labels) — neutral;risky key relation, but low harmonic exposure may mask it;context fit unavailable (no context profile) — neutral;no context profile — role/fit is context-free;not DJ-validated — output is a candidate estimate, not ground truth;conflicting descriptors — interpretation is unstable;extreme BPM jump — reject standard blend; shared rules suggest a non-standard exit",,,,
0b6db038bbd47b93__fea8b371ffd2adc5,,"Fold, cu.rve - Business (Original Mix)",Povoa - Hacked Lime (Original Mix),0b6db038bbd47b93,fea8b371ffd2adc5,"data/raw/Fold, cu.rve - Business (Original Mix).mp3",data/raw/Povoa - Hacked Lime (Original Mix).mp3,non_standard_strategy_required,review_only,0.6305,0.69,tempo_ramp,plain_blend,Auto mode falls back to plain blend because the engine prefers tempo ramp over a standard overlap.,echo_out;break_transition;hard_cut,False,strategy_dependent,review,medium,direct,unknown,,0.4808,0.2431,0b6db038bbd47b93_tw1,bridge,2:11-2:27,fea8b371ffd2adc5_tw2,mix_in,0:08-0:24,2:11-2:27,0:08-0:24,1.8824,club_opening;club_peak;festival_daytime,effective BPM gap 7.5% needs a non-standard tempo strategy;harmonic risk 0.59 needs masking or careful transition timing;shared rules require manual review,moderate bass conflict (0.48);harmonic risk 0.59 — unknown key move;effective BPM gap 7.5% needs a non-standard tempo strategy;harmonic risk 0.59 needs masking or careful transition timing;tempo relation requires a non-standard transition strategy,"style fit unavailable (missing style labels) — neutral;low key confidence — verify key before trusting harmonic result;context fit unavailable (no context profile) — neutral;no context profile — role/fit is context-free;not DJ-validated — output is a candidate estimate, not ground truth;conflicting descriptors — interpretation is unstable;standard blend is risky at this BPM gap — non-standard strategy preferred; shared rules suggest a non-standard exit",,,,
0d74f481c29d23c7__06987e170b8722e1,,Butch - Schlecker (Original Mix),BRUX (AUS) - Pull The Trigger (Original Mix),0d74f481c29d23c7,06987e170b8722e1,data/raw/Butch - Schlecker (Original Mix).mp3,data/raw/BRUX (AUS) - Pull The Trigger (Original Mix).mp3,non_standard_strategy_required,review_only,0.5494,0.69,echo_out,plain_blend,Auto mode falls back to plain blend because the engine prefers echo out over a standard overlap.,hard_cut;reset,False,strategy_dependent,review,low,direct,unknown,,0.398,0.3348,0d74f481c29d23c7_tw1,mix_out,6:12-6:22,06987e170b8722e1_tw2,mix_in,0:00-0:13,6:12-6:22,0:00-0:13,1.6231,club_opening;festival_daytime,large BPM jump 10.8% rejects a standard blend;harmonic risk 0.60 needs masking or careful transition timing;shared rules require manual review,harmonic risk 0.60 — unknown key move;large BPM jump 10.8% rejects a standard blend;harmonic risk 0.60 needs masking or careful transition timing;tempo relation requires a non-standard transition strategy,"style fit unavailable (missing style labels) — neutral;low key confidence — verify key before trusting harmonic result;context fit unavailable (no context profile) — neutral;no context profile — role/fit is context-free;not DJ-validated — output is a candidate estimate, not ground truth;conflicting descriptors — interpretation is unstable;large BPM jump — treat as a transition move, not a standard blend; shared rules suggest a non-standard exit",,,,
0d74f481c29d23c7__0b6db038bbd47b93,,Butch - Schlecker (Original Mix),"Fold, cu.rve - Business (Original Mix)",0d74f481c29d23c7,0b6db038bbd47b93,data/raw/Butch - Schlecker (Original Mix).mp3,"data/raw/Fold, cu.rve - Business (Original Mix).mp3",reject_standard_blend,suppress,0.5122,0.69,echo_out,plain_blend,Auto mode falls back to plain blend because the engine prefers echo out over a standard overlap.,hard_cut;reset,False,strategy_dependent,fail,low,direct,risky,,0.398,0.348,0d74f481c29d23c7_tw1,mix_out,6:12-6:22,0b6db038bbd47b93_tw3,mix_in,0:17-0:33,6:12-6:22,0:17-0:33,1.4555,club_opening;festival_daytime,large BPM jump 10.8% rejects a standard blend;harmonic clash risk 0.84 breaches the shared hard limit;phrase alignment 0.43 needs review;shared hard block triggered recommendation suppression,weak phrase alignment (0.43);harmonic risk 0.84 — risky key move;large BPM jump 10.8% rejects a standard blend;harmonic clash risk 0.84 breaches the shared hard limit;phrase alignment 0.43 needs review;tempo relation requires a non-standard transition strategy;harmonic gate failed — exposed key clash risk;shared pair rules triggered a hard block for standard blending,"style fit unavailable (missing style labels) — neutral;risky key relation, but low harmonic exposure may mask it;context fit unavailable (no context profile) — neutral;no context profile — role/fit is context-free;not DJ-validated — output is a candidate estimate, not ground truth;conflicting descriptors — interpretation is unstable;large BPM jump — treat as a transition move, not a standard blend; shared rules suggest a non-standard exit",,,,
0d74f481c29d23c7__4056c8ee53cfb090,,Butch - Schlecker (Original Mix),"Oscar Farrell, Mount XLR - Mod Break (Original Mix)",0d74f481c29d23c7,4056c8ee53cfb090,data/raw/Butch - Schlecker (Original Mix).mp3,"data/raw/Oscar Farrell, Mount XLR - Mod Break (Original Mix).mp3",review_required,review_only,0.6607,0.69,phrase_aligned_blend,contour_blend,Auto mode selects contour blend because vocal or mid exposure 0.29 favors a shaped overlap.,short_blend;echo_out,True,pass,pass,medium,direct,adjacent_same_mode,,0.398,0.2867,0d74f481c29d23c7_tw1,mix_out,6:12-6:22,4056c8ee53cfb090_tw1,mix_in,1:20-1:36,6:12-6:22,1:20-1:36,1.9804,club_closing;club_opening;club_peak;festival_daytime,shared rules require manual review,,"style fit unavailable (missing style labels) — neutral;low key confidence — verify key before trusting harmonic result;context fit unavailable (no context profile) — neutral;no context profile — role/fit is context-free;not DJ-validated — output is a candidate estimate, not ground truth;tempo gap is above easy-blend range — keep the overlap disciplined;conflicting descriptors — interpretation is unstable",,,,
0d74f481c29d23c7__48c18f8c79fc588e,,Butch - Schlecker (Original Mix),"Mala, Magugu - Militant Don (Vocal)",0d74f481c29d23c7,48c18f8c79fc588e,data/raw/Butch - Schlecker (Original Mix).mp3,"data/raw/Mala, Magugu - Militant Don (Vocal).mp3",non_standard_strategy_required,review_only,0.5645,0.69,echo_out,plain_blend,Auto mode falls back to plain blend because the engine prefers echo out over a standard overlap.,hard_cut;reset,False,strategy_dependent,pass,low,direct,relative_major_minor,,0.398,0.2722,0d74f481c29d23c7_tw1,mix_out,6:12-6:22,48c18f8c79fc588e_tw1,mix_in,0:16-0:32,6:12-6:22,0:16-0:32,1.7042,club_opening;festival_daytime,large BPM jump 10.8% rejects a standard blend;shared rules require manual review,large BPM jump 10.8% rejects a standard blend;tempo relation requires a non-standard transition strategy,"style fit unavailable (missing style labels) — neutral;low key confidence — verify key before trusting harmonic result;context fit unavailable (no context profile) — neutral;no context profile — role/fit is context-free;not DJ-validated — output is a candidate estimate, not ground truth;conflicting descriptors — interpretation is unstable;large BPM jump — treat as a transition move, not a standard blend; shared rules suggest a non-standard exit",,,,
0d74f481c29d23c7__76609e489f01f9de,,Butch - Schlecker (Original Mix),Rohaan - Got No _3 (Original Mix),0d74f481c29d23c7,76609e489f01f9de,data/raw/Butch - Schlecker (Original Mix).mp3,data/raw/Rohaan - Got No _3 (Original Mix).mp3,non_standard_strategy_required,review_only,0.5319,0.69,break_transition,plain_blend,Auto mode falls back to plain blend because the engine prefers break transition over a standard overlap.,hard_cut;reset;echo_out,False,strategy_dependent,review,low,direct,unknown,,0.398,0.3596,0d74f481c29d23c7_tw1,mix_out,6:12-6:22,76609e489f01f9de_tw1,bridge,1:31-1:47,6:12-6:22,1:31-1:47,1.506,club_closing;club_opening;club_peak;festival_daytime,large BPM jump 10.8% rejects a standard blend;harmonic risk 0.64 needs masking or careful transition timing;shared rules require manual review,harmonic risk 0.64 — unknown key move;large BPM jump 10.8% rejects a standard blend;harmonic risk 0.64 needs masking or careful transition timing;tempo relation requires a non-standard transition strategy,"style fit unavailable (missing style labels) — neutral;low key confidence — verify key before trusting harmonic result;context fit unavailable (no context profile) — neutral;no context profile — role/fit is context-free;not DJ-validated — output is a candidate estimate, not ground truth;conflicting descriptors — interpretation is unstable;large BPM jump — treat as a transition move, not a standard blend; shared rules suggest a non-standard exit",,,,
0d74f481c29d23c7__79d93a2a256d0920,,Butch - Schlecker (Original Mix),Bodhi - Thirst (Original Mix),0d74f481c29d23c7,79d93a2a256d0920,data/raw/Butch - Schlecker (Original Mix).mp3,data/raw/Bodhi - Thirst (Original Mix).mp3,reject_standard_blend,suppress,0.6065,0.69,tempo_ramp,plain_blend,Auto mode falls back to plain blend because the engine prefers tempo ramp over a standard overlap.,echo_out;break_transition;hard_cut,False,strategy_dependent,fail,medium,direct,risky,,0.398,0.3472,0d74f481c29d23c7_tw1,mix_out,6:12-6:22,79d93a2a256d0920_tw1,mix_in,0:59-1:15,6:12-6:22,0:59-1:15,1.8445,club_opening;club_peak;festival_daytime,effective BPM gap 7.9% needs a non-standard tempo strategy;harmonic clash risk 0.82 breaches the shared hard limit;phrase alignment 0.43 needs review;shared hard block triggered recommendation suppression,weak phrase alignment (0.43);harmonic risk 0.82 — risky key move;effective BPM gap 7.9% needs a non-standard tempo strategy;harmonic clash risk 0.82 breaches the shared hard limit;phrase alignment 0.43 needs review;tempo relation requires a non-standard transition strategy;harmonic gate failed — exposed key clash risk;shared pair rules triggered a hard block for standard blending,"style fit unavailable (missing style labels) — neutral;risky key relation, but low harmonic exposure may mask it;context fit unavailable (no context profile) — neutral;no context profile — role/fit is context-free;not DJ-validated — output is a candidate estimate, not ground truth;conflicting descriptors — interpretation is unstable;standard blend is risky at this BPM gap — non-standard strategy preferred; shared rules suggest a non-standard exit",,,,
0d74f481c29d23c7__85d8116989ea2f32,,Butch - Schlecker (Original Mix),O_Flynn - Srekye (Extended Mix),0d74f481c29d23c7,85d8116989ea2f32,data/raw/Butch - Schlecker (Original Mix).mp3,data/raw/O_Flynn - Srekye (Extended Mix).mp3,review_required,review_only,0.6068,0.69,phrase_aligned_blend,contour_blend,Auto mode selects contour blend because vocal or mid exposure 0.36 favors a shaped overlap.,short_blend;echo_out,True,pass,review,medium,direct,unknown,,0.398,0.3596,0d74f481c29d23c7_tw1,mix_out,6:12-6:22,85d8116989ea2f32_tw2,mix_in,0:08-0:24,6:12-6:22,0:08-0:24,1.7569,club_closing;club_opening;club_peak;festival_daytime,harmonic risk 0.64 needs masking or careful transition timing;phrase alignment 0.42 needs review;shared rules require manual review,weak phrase alignment (0.42);harmonic risk 0.64 — unknown key move;harmonic risk 0.64 needs masking or careful transition timing;phrase alignment 0.42 needs review,"style fit unavailable (missing style labels) — neutral;low key confidence — verify key before trusting harmonic result;context fit unavailable (no context profile) — neutral;no context profile — role/fit is context-free;not DJ-validated — output is a candidate estimate, not ground truth;conflicting descriptors — interpretation is unstable;tempo gap is above easy-blend range — keep the overlap disciplined",,,,
0d74f481c29d23c7__a749c305f32f7d51,,Butch - Schlecker (Original Mix),AIROD - Rave Cycle (Original Mix),0d74f481c29d23c7,a749c305f32f7d51,data/raw/Butch - Schlecker (Original Mix).mp3,data/raw/AIROD - Rave Cycle (Original Mix).mp3,review_required,review_only,0.7067,0.69,short_blend,tops_swap,Auto mode selects tops swap because short blend prefers a tighter upper-band handoff.,phrase_aligned_blend;standard_blend,True,pass,review,high,direct,unknown,,0.398,0.0959,0d74f481c29d23c7_tw1,mix_out,6:12-6:22,a749c305f32f7d51_tw1,mix_in,0:00-0:09,6:12-6:22,0:00-0:09,2.0269,club_closing;club_opening;club_peak;festival_daytime,harmonic risk 0.56 needs masking or careful transition timing;shared rules require manual review,harmonic risk 0.56 — unknown key move;harmonic risk 0.56 needs masking or careful transition timing,"style fit unavailable (missing style labels) — neutral;low key confidence — verify key before trusting harmonic result;context fit unavailable (no context profile) — neutral;no context profile — role/fit is context-free;not DJ-validated — output is a candidate estimate, not ground truth;conflicting descriptors — interpretation is unstable",,,,
0d74f481c29d23c7__aaecfee7674ae3ed,,Butch - Schlecker (Original Mix),"TSVI, Josi Devil - M.e.S (feat. TSVI) (feat. TSVI)",0d74f481c29d23c7,aaecfee7674ae3ed,data/raw/Butch - Schlecker (Original Mix).mp3,"data/raw/TSVI, Josi Devil - M.e.S (feat. TSVI) (feat. TSVI).mp3",non_standard_strategy_required,review_only,0.5731,0.69,echo_out,plain_blend,Auto mode falls back to plain blend because the engine prefers echo out over a standard overlap.,hard_cut;reset,False,strategy_dependent,review,low,direct,risky,,0.398,0.1082,0d74f481c29d23c7_tw1,mix_out,6:12-6:22,aaecfee7674ae3ed_tw1,mix_in,0:33-0:49,6:12-6:22,0:33-0:49,2.0002,club_closing;club_opening;club_peak;festival_daytime,large BPM jump 13.9% rejects a standard blend;harmonic risk 0.75 needs masking or careful transition timing;shared rules require manual review,harmonic risk 0.75 — risky key move;large BPM jump 13.9% rejects a standard blend;harmonic risk 0.75 needs masking or careful transition timing;tempo relation requires a non-standard transition strategy,"style fit unavailable (missing style labels) — neutral;risky key relation, but low harmonic exposure may mask it;context fit unavailable (no context profile) — neutral;no context profile — role/fit is context-free;not DJ-validated — output is a candidate estimate, not ground truth;conflicting descriptors — interpretation is unstable;large BPM jump — treat as a transition move, not a standard blend; shared rules suggest a non-standard exit",,,,
0d74f481c29d23c7__b2d3c5c17b5e26ac,,Butch - Schlecker (Original Mix),Bodhi - 433Mhz (Original Mix),0d74f481c29d23c7,b2d3c5c17b5e26ac,data/raw/Butch - Schlecker (Original Mix).mp3,data/raw/Bodhi - 433Mhz (Original Mix).mp3,reject_standard_blend,suppress,0.5913,0.69,tempo_ramp,plain_blend,Auto mode falls back to plain blend because the engine prefers tempo ramp over a standard overlap.,echo_out;break_transition;hard_cut,False,strategy_dependent,fail,medium,direct,risky,,0.398,0.3596,0d74f481c29d23c7_tw1,mix_out,6:12-6:22,b2d3c5c17b5e26ac_tw2,mix_in,0:49-1:05,6:12-6:22,0:49-1:05,1.6644,club_opening;festival_daytime,effective BPM gap 7.9% needs a non-standard tempo strategy;harmonic clash risk 0.85 breaches the shared hard limit;phrase alignment 0.41 needs review;shared hard block triggered recommendation suppression,weak phrase alignment (0.41);harmonic risk 0.85 — risky key move;effective BPM gap 7.9% needs a non-standard tempo strategy;harmonic clash risk 0.85 breaches the shared hard limit;phrase alignment 0.41 needs review;tempo relation requires a non-standard transition strategy;harmonic gate failed — exposed key clash risk;shared pair rules triggered a hard block for standard blending,"style fit unavailable (missing style labels) — neutral;risky key relation, but low harmonic exposure may mask it;context fit unavailable (no context profile) — neutral;no context profile — role/fit is context-free;not DJ-validated — output is a candidate estimate, not ground truth;conflicting descriptors — interpretation is unstable;standard blend is risky at this BPM gap — non-standard strategy preferred; shared rules suggest a non-standard exit",,,,
0d74f481c29d23c7__deb940c4a6052fed,,Butch - Schlecker (Original Mix),Jorg Kuning - Mercedes (Original Mix),0d74f481c29d23c7,deb940c4a6052fed,data/raw/Butch - Schlecker (Original Mix).mp3,data/raw/Jorg Kuning - Mercedes (Original Mix).mp3,reject_standard_blend,suppress,0.6084,0.69,echo_out,plain_blend,Auto mode falls back to plain blend because the engine prefers echo out over a standard overlap.,short_blend;hard_cut,False,pass,fail,medium,direct,risky,,0.398,0.2641,0d74f481c29d23c7_tw1,mix_out,6:12-6:22,deb940c4a6052fed_tw1,mix_in,0:03-0:19,6:12-6:22,0:03-0:19,1.8408,club_opening;festival_daytime,harmonic clash risk 0.79 breaches the shared hard limit;phrase alignment 0.44 needs review;shared hard block triggered recommendation suppression,weak phrase alignment (0.44);harmonic risk 0.79 — risky key move;harmonic clash risk 0.79 breaches the shared hard limit;phrase alignment 0.44 needs review;harmonic gate failed — exposed key clash risk;shared pair rules triggered a hard block for standard blending,"style fit unavailable (missing style labels) — neutral;risky key relation, but low harmonic exposure may mask it;context fit unavailable (no context profile) — neutral;no context profile — role/fit is context-free;not DJ-validated — output is a candidate estimate, not ground truth;conflicting descriptors — interpretation is unstable;tempo gap is above easy-blend range — keep the overlap disciplined; shared rules suggest a non-standard exit",,,,
0d74f481c29d23c7__e3b089eb3589fe94,,Butch - Schlecker (Original Mix),Muskila - YARAO (Original Mix),0d74f481c29d23c7,e3b089eb3589fe94,data/raw/Butch - Schlecker (Original Mix).mp3,data/raw/Muskila - YARAO (Original Mix).mp3,reject_standard_blend,suppress,0.6044,0.69,tempo_ramp,plain_blend,Auto mode falls back to plain blend because the engine prefers tempo ramp over a standard overlap.,echo_out;break_transition;hard_cut,False,strategy_dependent,fail,medium,direct,risky,,0.398,0.1605,0d74f481c29d23c7_tw1,mix_out,6:12-6:22,e3b089eb3589fe94_tw2,mix_in,0:00-0:16,6:12-6:22,0:00-0:16,1.8265,club_opening;festival_daytime,effective BPM gap 7.9% needs a non-standard tempo strategy;harmonic clash risk 0.75 breaches the shared hard limit;phrase alignment 0.40 needs review;shared hard block triggered recommendation suppression,weak phrase alignment (0.40);harmonic risk 0.75 — risky key move;effective BPM gap 7.9% needs a non-standard tempo strategy;harmonic clash risk 0.75 breaches the shared hard limit;phrase alignment 0.40 needs review;tempo relation requires a non-standard transition strategy;harmonic gate failed — exposed key clash risk;shared pair rules triggered a hard block for standard blending,"style fit unavailable (missing style labels) — neutral;risky key relation, but low harmonic exposure may mask it;context fit unavailable (no context profile) — neutral;no context profile — role/fit is context-free;not DJ-validated — output is a candidate estimate, not ground truth;conflicting descriptors — interpretation is unstable;standard blend is risky at this BPM gap — non-standard strategy preferred; shared rules suggest a non-standard exit",,,,
0d74f481c29d23c7__ecf64aa98ccd4467,,Butch - Schlecker (Original Mix),Bicep - CHROMA 004 ROLA (Original Mix),0d74f481c29d23c7,ecf64aa98ccd4467,data/raw/Butch - Schlecker (Original Mix).mp3,data/raw/Bicep - CHROMA 004 ROLA (Original Mix).mp3,reject_standard_blend,suppress,0.5237,0.62,hard_cut,plain_blend,Auto mode falls back to plain blend because the engine prefers hard cut over a standard overlap.,echo_out,False,fail,fail,low,direct,risky,,0.398,0.2477,0d74f481c29d23c7_tw1,mix_out,6:12-6:22,ecf64aa98ccd4467_tw2,mix_in,0:00-0:09,6:12-6:22,0:00-0:09,1.7771,club_opening;festival_daytime,extreme BPM jump 25.5% breaches the shared hard limit;harmonic clash risk 0.78 breaches the shared hard limit;shared hard block triggered recommendation suppression,harmonic risk 0.78 — risky key move;extreme BPM jump 25.5% breaches the shared hard limit;harmonic clash risk 0.78 breaches the shared hard limit;tempo gate failed — reject standard blend;harmonic gate failed — exposed key clash risk;shared pair rules triggered a hard block for standard blending,"style fit unavailable (missing style labels) — neutral;risky key relation, but low harmonic exposure may mask it;context fit unavailable (no context profile) — neutral;no context profile — role/fit is context-free;not DJ-validated — output is a candidate estimate, not ground truth;conflicting descriptors — interpretation is unstable;extreme BPM jump — reject standard blend; shared rules suggest a non-standard exit",,,,
0d74f481c29d23c7__fea8b371ffd2adc5,,Butch - Schlecker (Original Mix),Povoa - Hacked Lime (Original Mix),0d74f481c29d23c7,fea8b371ffd2adc5,data/raw/Butch - Schlecker (Original Mix).mp3,data/raw/Povoa - Hacked Lime (Original Mix).mp3,review_required,review_only,0.6791,0.69,short_blend,contour_blend,Auto mode selects contour blend because vocal or mid exposure 0.24 favors a shaped overlap.,phrase_aligned_blend;standard_blend,True,pass,review,high,direct,unknown,,0.398,0.2431,0d74f481c29d23c7_tw1,mix_out,6:12-6:22,fea8b371ffd2adc5_tw2,mix_in,0:08-0:24,6:12-6:22,0:08-0:24,1.7979,club_opening;club_peak;festival_daytime,harmonic risk 0.59 needs masking or careful transition timing;shared rules require manual review,harmonic risk 0.59 — unknown key move;harmonic risk 0.59 needs masking or careful transition timing,"style fit unavailable (missing style labels) — neutral;low key confidence — verify key before trusting harmonic result;context fit unavailable (no context profile) — neutral;no context profile — role/fit is context-free;not DJ-validated — output is a candidate estimate, not ground truth;conflicting descriptors — interpretation is unstable",,,,
4056c8ee53cfb090__06987e170b8722e1,,"Oscar Farrell, Mount XLR - Mod Break (Original Mix)",BRUX (AUS) - Pull The Trigger (Original Mix),4056c8ee53cfb090,06987e170b8722e1,"data/raw/Oscar Farrell, Mount XLR - Mod Break (Original Mix).mp3",data/raw/BRUX (AUS) - Pull The Trigger (Original Mix).mp3,review_required,review_only,0.6397,0.69,phrase_aligned_blend,bass_swap,Auto mode selects bass swap because bass conflict risk 0.49 favors a deliberate low-end handoff.,short_blend;echo_out,True,pass,review,medium,direct,unknown,,0.4923,0.2867,4056c8ee53cfb090_tw1,mix_in,1:20-1:36,06987e170b8722e1_tw2,mix_in,0:00-0:13,1:20-1:36,0:00-0:13,1.8226,club_opening;festival_daytime,harmonic risk 0.59 needs masking or careful transition timing;shared rules require manual review,moderate bass conflict (0.49);harmonic risk 0.59 — unknown key move;harmonic risk 0.59 needs masking or careful transition timing,"style fit unavailable (missing style labels) — neutral;low key confidence — verify key before trusting harmonic result;context fit unavailable (no context profile) — neutral;no context profile — role/fit is context-free;not DJ-validated — output is a candidate estimate, not ground truth;conflicting descriptors — interpretation is unstable;tempo gap is above easy-blend range — keep the overlap disciplined",,,,
4056c8ee53cfb090__0b6db038bbd47b93,,"Oscar Farrell, Mount XLR - Mod Break (Original Mix)","Fold, cu.rve - Business (Original Mix)",4056c8ee53cfb090,0b6db038bbd47b93,"data/raw/Oscar Farrell, Mount XLR - Mod Break (Original Mix).mp3","data/raw/Fold, cu.rve - Business (Original Mix).mp3",reject_standard_blend,suppress,0.6055,0.69,echo_out,plain_blend,Auto mode falls back to plain blend because the engine prefers echo out over a standard overlap.,short_blend;hard_cut,False,pass,fail,medium,direct,risky,,0.4893,0.2867,4056c8ee53cfb090_tw1,mix_in,1:20-1:36,0b6db038bbd47b93_tw3,mix_in,0:17-0:33,1:20-1:36,0:17-0:33,1.6596,club_opening;festival_daytime,harmonic clash risk 0.81 breaches the shared hard limit;shared hard block triggered recommendation suppression,moderate bass conflict (0.49);harmonic risk 0.81 — risky key move;harmonic clash risk 0.81 breaches the shared hard limit;harmonic gate failed — exposed key clash risk;shared pair rules triggered a hard block for standard blending,"style fit unavailable (missing style labels) — neutral;risky key relation, but low harmonic exposure may mask it;context fit unavailable (no context profile) — neutral;no context profile — role/fit is context-free;not DJ-validated — output is a candidate estimate, not ground truth;conflicting descriptors — interpretation is unstable;tempo gap is above easy-blend range — keep the overlap disciplined; shared rules suggest a non-standard exit",,,,
4056c8ee53cfb090__0d74f481c29d23c7,,"Oscar Farrell, Mount XLR - Mod Break (Original Mix)",Butch - Schlecker (Original Mix),4056c8ee53cfb090,0d74f481c29d23c7,"data/raw/Oscar Farrell, Mount XLR - Mod Break (Original Mix).mp3",data/raw/Butch - Schlecker (Original Mix).mp3,review_required,review_only,0.6649,0.69,phrase_aligned_blend,contour_blend,Auto mode selects contour blend because vocal or mid exposure 0.29 favors a shaped overlap.,short_blend;echo_out,True,pass,pass,medium,direct,adjacent_same_mode,,0.398,0.2867,4056c8ee53cfb090_tw1,mix_in,1:20-1:36,0d74f481c29d23c7_tw1,mix_out,6:12-6:22,1:20-1:36,6:12-6:22,1.9886,club_closing;club_opening;club_peak;festival_daytime,shared rules require manual review,,"style fit unavailable (missing style labels) — neutral;low key confidence — verify key before trusting harmonic result;context fit unavailable (no context profile) — neutral;no context profile — role/fit is context-free;not DJ-validated — output is a candidate estimate, not ground truth;tempo gap is above easy-blend range — keep the overlap disciplined;conflicting descriptors — interpretation is unstable",,,,
4056c8ee53cfb090__48c18f8c79fc588e,,"Oscar Farrell, Mount XLR - Mod Break (Original Mix)","Mala, Magugu - Militant Don (Vocal)",4056c8ee53cfb090,48c18f8c79fc588e,"data/raw/Oscar Farrell, Mount XLR - Mod Break (Original Mix).mp3","data/raw/Mala, Magugu - Militant Don (Vocal).mp3",review_required,review_only,0.6081,0.69,phrase_aligned_blend,bass_swap,Auto mode selects bass swap because bass conflict risk 0.49 favors a deliberate low-end handoff.,short_blend;echo_out,True,pass,review,medium,direct,risky,,0.4923,0.2722,4056c8ee53cfb090_tw1,mix_in,1:20-1:36,48c18f8c79fc588e_tw1,mix_in,0:16-0:32,1:20-1:36,0:16-0:32,1.8347,club_opening;festival_daytime,harmonic risk 0.63 needs masking or careful transition timing;shared rules require manual review,moderate bass conflict (0.49);harmonic risk 0.63 — risky key move;harmonic risk 0.63 needs masking or careful transition timing,"style fit unavailable (missing style labels) — neutral;risky key relation, but low harmonic exposure may mask it;context fit unavailable (no context profile) — neutral;no context profile — role/fit is context-free;not DJ-validated — output is a candidate estimate, not ground truth;conflicting descriptors — interpretation is unstable;tempo gap is above easy-blend range — keep the overlap disciplined",,,,
4056c8ee53cfb090__76609e489f01f9de,,"Oscar Farrell, Mount XLR - Mod Break (Original Mix)",Rohaan - Got No _3 (Original Mix),4056c8ee53cfb090,76609e489f01f9de,"data/raw/Oscar Farrell, Mount XLR - Mod Break (Original Mix).mp3",data/raw/Rohaan - Got No _3 (Original Mix).mp3,review_required,review_only,0.6287,0.69,phrase_aligned_blend,bass_swap,Auto mode selects bass swap because bass conflict risk 0.46 favors a deliberate low-end handoff.,short_blend;echo_out,True,pass,review,medium,direct,unknown,,0.4604,0.2867,4056c8ee53cfb090_tw1,mix_in,1:20-1:36,76609e489f01f9de_tw1,bridge,1:31-1:47,1:20-1:36,1:31-1:47,1.7155,club_closing;club_opening;club_peak;festival_daytime,harmonic risk 0.62 needs masking or careful transition timing;shared rules require manual review,moderate bass conflict (0.46);harmonic risk 0.62 — unknown key move;harmonic risk 0.62 needs masking or careful transition timing,"style fit unavailable (missing style labels) — neutral;low key confidence — verify key before trusting harmonic result;context fit unavailable (no context profile) — neutral;no context profile — role/fit is context-free;not DJ-validated — output is a candidate estimate, not ground truth;conflicting descriptors — interpretation is unstable;tempo gap is above easy-blend range — keep the overlap disciplined",,,,
4056c8ee53cfb090__79d93a2a256d0920,,"Oscar Farrell, Mount XLR - Mod Break (Original Mix)",Bodhi - Thirst (Original Mix),4056c8ee53cfb090,79d93a2a256d0920,"data/raw/Oscar Farrell, Mount XLR - Mod Break (Original Mix).mp3",data/raw/Bodhi - Thirst (Original Mix).mp3,review_required,review_only,0.6603,0.69,short_blend,contour_blend,Auto mode selects contour blend because vocal or mid exposure 0.29 favors a shaped overlap.,phrase_aligned_blend;standard_blend,True,pass,review,high,direct,risky,,0.4016,0.2867,4056c8ee53cfb090_tw1,mix_in,1:20-1:36,79d93a2a256d0920_tw1,mix_in,0:59-1:15,1:20-1:36,0:59-1:15,1.9732,club_opening;club_peak;festival_daytime,harmonic risk 0.65 needs masking or careful transition timing;shared rules require manual review,moderate bass conflict (0.40);harmonic risk 0.65 — risky key move;harmonic risk 0.65 needs masking or careful transition timing,"style fit unavailable (missing style labels) — neutral;risky key relation, but low harmonic exposure may mask it;context fit unavailable (no context profile) — neutral;no context profile — role/fit is context-free;not DJ-validated — output is a candidate estimate, not ground truth;conflicting descriptors — interpretation is unstable",,,,
4056c8ee53cfb090__85d8116989ea2f32,,"Oscar Farrell, Mount XLR - Mod Break (Original Mix)",O_Flynn - Srekye (Extended Mix),4056c8ee53cfb090,85d8116989ea2f32,"data/raw/Oscar Farrell, Mount XLR - Mod Break (Original Mix).mp3",data/raw/O_Flynn - Srekye (Extended Mix).mp3,review_required,review_only,0.6786,0.69,standard_blend,contour_blend,Auto mode selects contour blend because vocal or mid exposure 0.29 favors a shaped overlap.,phrase_aligned_blend;short_blend,True,pass,review,high,direct,unknown,,0.418,0.2867,4056c8ee53cfb090_tw1,mix_in,1:20-1:36,85d8116989ea2f32_tw2,mix_in,0:08-0:24,1:20-1:36,0:08-0:24,1.9277,club_closing;club_opening;club_peak;festival_daytime,harmonic risk 0.62 needs masking or careful transition timing;shared rules require manual review,moderate bass conflict (0.42);harmonic risk 0.62 — unknown key move;harmonic risk 0.62 needs masking or careful transition timing,"style fit unavailable (missing style labels) — neutral;low key confidence — verify key before trusting harmonic result;context fit unavailable (no context profile) — neutral;no context profile — role/fit is context-free;not DJ-validated — output is a candidate estimate, not ground truth;conflicting descriptors — interpretation is unstable",,,,
4056c8ee53cfb090__a749c305f32f7d51,,"Oscar Farrell, Mount XLR - Mod Break (Original Mix)",AIROD - Rave Cycle (Original Mix),4056c8ee53cfb090,a749c305f32f7d51,"data/raw/Oscar Farrell, Mount XLR - Mod Break (Original Mix).mp3",data/raw/AIROD - Rave Cycle (Original Mix).mp3,review_required,review_only,0.723,0.69,short_blend,bass_swap,Auto mode selects bass swap because bass conflict risk 0.49 favors a deliberate low-end handoff.,phrase_aligned_blend;standard_blend,True,pass,review,high,direct,unknown,,0.4923,0.0959,4056c8ee53cfb090_tw1,mix_in,1:20-1:36,a749c305f32f7d51_tw1,mix_in,0:00-0:09,1:20-1:36,0:00-0:09,2.1674,club_closing;club_opening;club_peak;festival_daytime,harmonic risk 0.54 needs masking or careful transition timing;shared rules require manual review,moderate bass conflict (0.49);harmonic risk 0.54 — unknown key move;harmonic risk 0.54 needs masking or careful transition timing,"style fit unavailable (missing style labels) — neutral;low key confidence — verify key before trusting harmonic result;context fit unavailable (no context profile) — neutral;no context profile — role/fit is context-free;not DJ-validated — output is a candidate estimate, not ground truth;conflicting descriptors — interpretation is unstable",,,,
4056c8ee53cfb090__aaecfee7674ae3ed,,"Oscar Farrell, Mount XLR - Mod Break (Original Mix)","TSVI, Josi Devil - M.e.S (feat. TSVI) (feat. TSVI)",4056c8ee53cfb090,aaecfee7674ae3ed,"data/raw/Oscar Farrell, Mount XLR - Mod Break (Original Mix).mp3","data/raw/TSVI, Josi Devil - M.e.S (feat. TSVI) (feat. TSVI).mp3",non_standard_strategy_required,review_only,0.6676,0.69,tempo_ramp,plain_blend,Auto mode falls back to plain blend because the engine prefers tempo ramp over a standard overlap.,echo_out;break_transition;hard_cut,False,strategy_dependent,pass,medium,direct,relative_major_minor,,0.4923,0.1082,4056c8ee53cfb090_tw1,mix_in,1:20-1:36,aaecfee7674ae3ed_tw1,mix_in,0:33-0:49,1:20-1:36,0:33-0:49,2.188,club_closing;club_opening;club_peak;festival_daytime,effective BPM gap 8.3% needs a non-standard tempo strategy;shared rules require manual review,moderate bass conflict (0.49);effective BPM gap 8.3% needs a non-standard tempo strategy;tempo relation requires a non-standard transition strategy,"style fit unavailable (missing style labels) — neutral;low key confidence — verify key before trusting harmonic result;context fit unavailable (no context profile) — neutral;no context profile — role/fit is context-free;not DJ-validated — output is a candidate estimate, not ground truth;conflicting descriptors — interpretation is unstable;standard blend is risky at this BPM gap — non-standard strategy preferred; shared rules suggest a non-standard exit",,,,
4056c8ee53cfb090__b2d3c5c17b5e26ac,,"Oscar Farrell, Mount XLR - Mod Break (Original Mix)",Bodhi - 433Mhz (Original Mix),4056c8ee53cfb090,b2d3c5c17b5e26ac,"data/raw/Oscar Farrell, Mount XLR - Mod Break (Original Mix).mp3",data/raw/Bodhi - 433Mhz (Original Mix).mp3,reject_standard_blend,suppress,0.6705,0.69,echo_out,plain_blend,Auto mode falls back to plain blend because the engine prefers echo out over a standard overlap.,phrase_aligned_blend;standard_blend;hard_cut,False,pass,fail,high,direct,risky,,0.4354,0.2867,4056c8ee53cfb090_tw1,mix_in,1:20-1:36,b2d3c5c17b5e26ac_tw2,mix_in,0:49-1:05,1:20-1:36,0:49-1:05,1.8498,club_opening;festival_daytime,harmonic clash risk 0.83 breaches the shared hard limit;shared hard block triggered recommendation suppression,moderate bass conflict (0.44);harmonic risk 0.83 — risky key move;harmonic clash risk 0.83 breaches the shared hard limit;harmonic gate failed — exposed key clash risk;shared pair rules triggered a hard block for standard blending,"style fit unavailable (missing style labels) — neutral;risky key relation, but low harmonic exposure may mask it;context fit unavailable (no context profile) — neutral;no context profile — role/fit is context-free;not DJ-validated — output is a candidate estimate, not ground truth;conflicting descriptors — interpretation is unstable;shared rules suggest a non-standard exit instead of a standard blend",,,,
4056c8ee53cfb090__deb940c4a6052fed,,"Oscar Farrell, Mount XLR - Mod Break (Original Mix)",Jorg Kuning - Mercedes (Original Mix),4056c8ee53cfb090,deb940c4a6052fed,"data/raw/Oscar Farrell, Mount XLR - Mod Break (Original Mix).mp3",data/raw/Jorg Kuning - Mercedes (Original Mix).mp3,review_required,review_only,0.6852,0.69,standard_blend,bass_swap,Auto mode selects bass swap because bass conflict risk 0.49 favors a deliberate low-end handoff.,phrase_aligned_blend;short_blend,True,pass,review,high,direct,risky,,0.4923,0.2641,4056c8ee53cfb090_tw1,mix_in,1:20-1:36,deb940c4a6052fed_tw1,mix_in,0:03-0:19,1:20-1:36,0:03-0:19,2.027,club_opening;festival_daytime,harmonic risk 0.74 needs masking or careful transition timing;shared rules require manual review,moderate bass conflict (0.49);harmonic risk 0.74 — risky key move;harmonic risk 0.74 needs masking or careful transition timing,"style fit unavailable (missing style labels) — neutral;risky key relation, but low harmonic exposure may mask it;context fit unavailable (no context profile) — neutral;no context profile — role/fit is context-free;not DJ-validated — output is a candidate estimate, not ground truth;conflicting descriptors — interpretation is unstable",,,,
4056c8ee53cfb090__e3b089eb3589fe94,,"Oscar Farrell, Mount XLR - Mod Break (Original Mix)",Muskila - YARAO (Original Mix),4056c8ee53cfb090,e3b089eb3589fe94,"data/raw/Oscar Farrell, Mount XLR - Mod Break (Original Mix).mp3",data/raw/Muskila - YARAO (Original Mix).mp3,review_required,review_only,0.6858,0.69,short_blend,bass_swap,Auto mode selects bass swap because bass conflict risk 0.49 favors a deliberate low-end handoff.,phrase_aligned_blend;standard_blend,True,pass,review,high,direct,risky,,0.4923,0.1605,4056c8ee53cfb090_tw1,mix_in,1:20-1:36,e3b089eb3589fe94_tw2,mix_in,0:00-0:16,1:20-1:36,0:00-0:16,2.0217,club_opening;festival_daytime,harmonic risk 0.70 needs masking or careful transition timing;shared rules require manual review,moderate bass conflict (0.49);harmonic risk 0.70 — risky key move;harmonic risk 0.70 needs masking or careful transition timing,"style fit unavailable (missing style labels) — neutral;risky key relation, but low harmonic exposure may mask it;context fit unavailable (no context profile) — neutral;no context profile — role/fit is context-free;not DJ-validated — output is a candidate estimate, not ground truth;conflicting descriptors — interpretation is unstable",,,,
4056c8ee53cfb090__ecf64aa98ccd4467,,"Oscar Farrell, Mount XLR - Mod Break (Original Mix)",Bicep - CHROMA 004 ROLA (Original Mix),4056c8ee53cfb090,ecf64aa98ccd4467,"data/raw/Oscar Farrell, Mount XLR - Mod Break (Original Mix).mp3",data/raw/Bicep - CHROMA 004 ROLA (Original Mix).mp3,reject_standard_blend,suppress,0.5319,0.62,hard_cut,plain_blend,Auto mode falls back to plain blend because the engine prefers hard cut over a standard overlap.,echo_out,False,fail,review,low,direct,risky,,0.4923,0.2477,4056c8ee53cfb090_tw1,mix_in,1:20-1:36,ecf64aa98ccd4467_tw2,mix_in,0:00-0:09,1:20-1:36,0:00-0:09,1.8974,club_opening;festival_daytime,extreme BPM jump 29.1% breaches the shared hard limit;harmonic risk 0.67 needs masking or careful transition timing;shared hard block triggered recommendation suppression,moderate bass conflict (0.49);harmonic risk 0.67 — risky key move;extreme BPM jump 29.1% breaches the shared hard limit;harmonic risk 0.67 needs masking or careful transition timing;tempo gate failed — reject standard blend;shared pair rules triggered a hard block for standard blending,"style fit unavailable (missing style labels) — neutral;risky key relation, but low harmonic exposure may mask it;context fit unavailable (no context profile) — neutral;no context profile — role/fit is context-free;not DJ-validated — output is a candidate estimate, not ground truth;conflicting descriptors — interpretation is unstable;extreme BPM jump — reject standard blend; shared rules suggest a non-standard exit",,,,
4056c8ee53cfb090__fea8b371ffd2adc5,,"Oscar Farrell, Mount XLR - Mod Break (Original Mix)",Povoa - Hacked Lime (Original Mix),4056c8ee53cfb090,fea8b371ffd2adc5,"data/raw/Oscar Farrell, Mount XLR - Mod Break (Original Mix).mp3",data/raw/Povoa - Hacked Lime (Original Mix).mp3,review_required,review_only,0.6969,0.69,short_blend,bass_swap,Auto mode selects bass swap because bass conflict risk 0.48 favors a deliberate low-end handoff.,phrase_aligned_blend;standard_blend,True,pass,review,high,direct,unknown,,0.4808,0.2431,4056c8ee53cfb090_tw1,mix_in,1:20-1:36,fea8b371ffd2adc5_tw2,mix_in,0:08-0:24,1:20-1:36,0:08-0:24,1.9407,club_opening;club_peak;festival_daytime,harmonic risk 0.57 needs masking or careful transition timing;shared rules require manual review,moderate bass conflict (0.48);harmonic risk 0.57 — unknown key move;harmonic risk 0.57 needs masking or careful transition timing,"style fit unavailable (missing style labels) — neutral;low key confidence — verify key before trusting harmonic result;context fit unavailable (no context profile) — neutral;no context profile — role/fit is context-free;not DJ-validated — output is a candidate estimate, not ground truth;conflicting descriptors — interpretation is unstable",,,,
48c18f8c79fc588e__06987e170b8722e1,,"Mala, Magugu - Militant Don (Vocal)",BRUX (AUS) - Pull The Trigger (Original Mix),48c18f8c79fc588e,06987e170b8722e1,"data/raw/Mala, Magugu - Militant Don (Vocal).mp3",data/raw/BRUX (AUS) - Pull The Trigger (Original Mix).mp3,review_required,review_only,0.6988,0.69,standard_blend,bass_swap,Auto mode selects bass swap because bass conflict risk 0.51 favors a deliberate low-end handoff.,phrase_aligned_blend;short_blend,True,pass,review,high,direct,unknown,,0.509,0.2722,48c18f8c79fc588e_tw2,mix_out,2:18-2:30,06987e170b8722e1_tw2,mix_in,0:00-0:13,2:18-2:30,0:00-0:13,1.7028,,harmonic risk 0.58 needs masking or careful transition timing;shared rules require manual review,moderate bass conflict (0.51);harmonic risk 0.58 — unknown key move;harmonic risk 0.58 needs masking or careful transition timing,"style fit unavailable (missing style labels) — neutral;low key confidence — verify key before trusting harmonic result;context fit unavailable (no context profile) — neutral;no context profile — role/fit is context-free;not DJ-validated — output is a candidate estimate, not ground truth;conflicting descriptors — interpretation is unstable",,,,
48c18f8c79fc588e__0b6db038bbd47b93,,"Mala, Magugu - Militant Don (Vocal)","Fold, cu.rve - Business (Original Mix)",48c18f8c79fc588e,0b6db038bbd47b93,"data/raw/Mala, Magugu - Militant Don (Vocal).mp3","data/raw/Fold, cu.rve - Business (Original Mix).mp3",reject_standard_blend,suppress,0.6683,0.69,echo_out,plain_blend,Auto mode falls back to plain blend because the engine prefers echo out over a standard overlap.,phrase_aligned_blend;short_blend;hard_cut,False,pass,fail,high,direct,risky,,0.4893,0.2722,48c18f8c79fc588e_tw2,mix_out,2:18-2:30,0b6db038bbd47b93_tw3,mix_in,0:17-0:33,2:18-2:30,0:17-0:33,1.546,,harmonic clash risk 0.81 breaches the shared hard limit;shared hard block triggered recommendation suppression,moderate bass conflict (0.49);harmonic risk 0.81 — risky key move;harmonic clash risk 0.81 breaches the shared hard limit;harmonic gate failed — exposed key clash risk;shared pair rules triggered a hard block for standard blending,"style fit unavailable (missing style labels) — neutral;risky key relation, but low harmonic exposure may mask it;context fit unavailable (no context profile) — neutral;no context profile — role/fit is context-free;not DJ-validated — output is a candidate estimate, not ground truth;conflicting descriptors — interpretation is unstable;shared rules suggest a non-standard exit instead of a standard blend",,,,
48c18f8c79fc588e__0d74f481c29d23c7,,"Mala, Magugu - Militant Don (Vocal)",Butch - Schlecker (Original Mix),48c18f8c79fc588e,0d74f481c29d23c7,"data/raw/Mala, Magugu - Militant Don (Vocal).mp3",data/raw/Butch - Schlecker (Original Mix).mp3,non_standard_strategy_required,review_only,0.6365,0.69,tempo_ramp,plain_blend,Auto mode falls back to plain blend because the engine prefers tempo ramp over a standard overlap.,echo_out;break_transition;hard_cut,False,strategy_dependent,pass,medium,direct,relative_major_minor,,0.398,0.2722,48c18f8c79fc588e_tw2,mix_out,2:18-2:30,0d74f481c29d23c7_tw1,mix_out,6:12-6:22,2:18-2:30,6:12-6:22,1.7687,club_closing;club_peak,effective BPM gap 9.8% needs a non-standard tempo strategy;shared rules require manual review,effective BPM gap 9.8% needs a non-standard tempo strategy;tempo relation requires a non-standard transition strategy,"style fit unavailable (missing style labels) — neutral;low key confidence — verify key before trusting harmonic result;context fit unavailable (no context profile) — neutral;no context profile — role/fit is context-free;not DJ-validated — output is a candidate estimate, not ground truth;conflicting descriptors — interpretation is unstable;standard blend is risky at this BPM gap — non-standard strategy preferred; shared rules suggest a non-standard exit",,,,
48c18f8c79fc588e__4056c8ee53cfb090,,"Mala, Magugu - Militant Don (Vocal)","Oscar Farrell, Mount XLR - Mod Break (Original Mix)",48c18f8c79fc588e,4056c8ee53cfb090,"data/raw/Mala, Magugu - Militant Don (Vocal).mp3","data/raw/Oscar Farrell, Mount XLR - Mod Break (Original Mix).mp3",review_required,review_only,0.6236,0.69,phrase_aligned_blend,bass_swap,Auto mode selects bass swap because bass conflict risk 0.49 favors a deliberate low-end handoff.,short_blend;echo_out,True,pass,review,medium,direct,risky,,0.4923,0.2722,48c18f8c79fc588e_tw2,mix_out,2:18-2:30,4056c8ee53cfb090_tw1,mix_in,1:20-1:36,2:18-2:30,1:20-1:36,1.8713,club_closing;club_peak,harmonic risk 0.63 needs masking or careful transition timing;shared rules require manual review,moderate bass conflict (0.49);harmonic risk 0.63 — risky key move;harmonic risk 0.63 needs masking or careful transition timing,"style fit unavailable (missing style labels) — neutral;risky key relation, but low harmonic exposure may mask it;context fit unavailable (no context profile) — neutral;no context profile — role/fit is context-free;not DJ-validated — output is a candidate estimate, not ground truth;conflicting descriptors — interpretation is unstable;tempo gap is above easy-blend range — keep the overlap disciplined",,,,
48c18f8c79fc588e__76609e489f01f9de,,"Mala, Magugu - Militant Don (Vocal)",Rohaan - Got No _3 (Original Mix),48c18f8c79fc588e,76609e489f01f9de,"data/raw/Mala, Magugu - Militant Don (Vocal).mp3",data/raw/Rohaan - Got No _3 (Original Mix).mp3,review_required,review_only,0.6911,0.69,standard_blend,bass_swap,Auto mode selects bass swap because bass conflict risk 0.46 favors a deliberate low-end handoff.,phrase_aligned_blend;short_blend,True,pass,review,high,direct,unknown,,0.4604,0.2722,48c18f8c79fc588e_tw2,mix_out,2:18-2:30,76609e489f01f9de_tw1,bridge,1:31-1:47,2:18-2:30,1:31-1:47,1.601,club_closing;club_peak,harmonic risk 0.62 needs masking or careful transition timing;shared rules require manual review,moderate bass conflict (0.46);harmonic risk 0.62 — unknown key move;harmonic risk 0.62 needs masking or careful transition timing,"style fit unavailable (missing style labels) — neutral;low key confidence — verify key before trusting harmonic result;context fit unavailable (no context profile) — neutral;no context profile — role/fit is context-free;not DJ-validated — output is a candidate estimate, not ground truth;conflicting descriptors — interpretation is unstable",,,,
48c18f8c79fc588e__79d93a2a256d0920,,"Mala, Magugu - Militant Don (Vocal)",Bodhi - Thirst (Original Mix),48c18f8c79fc588e,79d93a2a256d0920,"data/raw/Mala, Magugu - Militant Don (Vocal).mp3",data/raw/Bodhi - Thirst (Original Mix).mp3,review_required,review_only,0.6591,0.69,short_blend,contour_blend,Auto mode selects contour blend because vocal or mid exposure 0.27 favors a shaped overlap.,phrase_aligned_blend;standard_blend,True,pass,review,high,direct,risky,,0.4016,0.2722,48c18f8c79fc588e_tw2,mix_out,2:18-2:30,79d93a2a256d0920_tw1,mix_in,0:59-1:15,2:18-2:30,0:59-1:15,1.8057,club_peak,harmonic risk 0.65 needs masking or careful transition timing;shared rules require manual review,moderate bass conflict (0.40);harmonic risk 0.65 — risky key move;harmonic risk 0.65 needs masking or careful transition timing,"style fit unavailable (missing style labels) — neutral;risky key relation, but low harmonic exposure may mask it;context fit unavailable (no context profile) — neutral;no context profile — role/fit is context-free;not DJ-validated — output is a candidate estimate, not ground truth;conflicting descriptors — interpretation is unstable",,,,
48c18f8c79fc588e__85d8116989ea2f32,,"Mala, Magugu - Militant Don (Vocal)",O_Flynn - Srekye (Extended Mix),48c18f8c79fc588e,85d8116989ea2f32,"data/raw/Mala, Magugu - Militant Don (Vocal).mp3",data/raw/O_Flynn - Srekye (Extended Mix).mp3,review_required,review_only,0.6129,0.69,phrase_aligned_blend,contour_blend,Auto mode selects contour blend because vocal or mid exposure 0.27 favors a shaped overlap.,short_blend;echo_out,True,pass,review,medium,direct,unknown,,0.418,0.2722,48c18f8c79fc588e_tw2,mix_out,2:18-2:30,85d8116989ea2f32_tw2,mix_in,0:08-0:24,2:18-2:30,0:08-0:24,1.7056,club_closing;club_peak,harmonic risk 0.62 needs masking or careful transition timing;shared rules require manual review,moderate bass conflict (0.42);harmonic risk 0.62 — unknown key move;harmonic risk 0.62 needs masking or careful transition timing,"style fit unavailable (missing style labels) — neutral;low key confidence — verify key before trusting harmonic result;context fit unavailable (no context profile) — neutral;no context profile — role/fit is context-free;not DJ-validated — output is a candidate estimate, not ground truth;conflicting descriptors — interpretation is unstable;tempo gap is above easy-blend range — keep the overlap disciplined",,,,
48c18f8c79fc588e__a749c305f32f7d51,,"Mala, Magugu - Militant Don (Vocal)",AIROD - Rave Cycle (Original Mix),48c18f8c79fc588e,a749c305f32f7d51,"data/raw/Mala, Magugu - Militant Don (Vocal).mp3",data/raw/AIROD - Rave Cycle (Original Mix).mp3,non_standard_strategy_required,review_only,0.647,0.69,tempo_ramp,plain_blend,Auto mode falls back to plain blend because the engine prefers tempo ramp over a standard overlap.,echo_out;break_transition;hard_cut,False,strategy_dependent,review,medium,direct,unknown,,0.5185,0.0959,48c18f8c79fc588e_tw2,mix_out,2:18-2:30,a749c305f32f7d51_tw1,mix_in,0:00-0:09,2:18-2:30,0:00-0:09,1.9272,club_closing;club_peak,effective BPM gap 7.5% needs a non-standard tempo strategy;harmonic risk 0.54 needs masking or careful transition timing;shared rules require manual review,moderate bass conflict (0.52);harmonic risk 0.54 — unknown key move;effective BPM gap 7.5% needs a non-standard tempo strategy;harmonic risk 0.54 needs masking or careful transition timing;tempo relation requires a non-standard transition strategy,"style fit unavailable (missing style labels) — neutral;low key confidence — verify key before trusting harmonic result;context fit unavailable (no context profile) — neutral;no context profile — role/fit is context-free;not DJ-validated — output is a candidate estimate, not ground truth;conflicting descriptors — interpretation is unstable;standard blend is risky at this BPM gap — non-standard strategy preferred; shared rules suggest a non-standard exit",,,,
48c18f8c79fc588e__aaecfee7674ae3ed,,"Mala, Magugu - Militant Don (Vocal)","TSVI, Josi Devil - M.e.S (feat. TSVI) (feat. TSVI)",48c18f8c79fc588e,aaecfee7674ae3ed,"data/raw/Mala, Magugu - Militant Don (Vocal).mp3","data/raw/TSVI, Josi Devil - M.e.S (feat. TSVI) (feat. TSVI).mp3",review_required,review_only,0.7281,0.69,short_blend,bass_swap,Auto mode selects bass swap because bass conflict risk 0.52 favors a deliberate low-end handoff.,phrase_aligned_blend;standard_blend,True,pass,pass,high,direct,adjacent_same_mode,,0.5185,0.1082,48c18f8c79fc588e_tw2,mix_out,2:18-2:30,aaecfee7674ae3ed_tw1,mix_in,0:33-0:49,2:18-2:30,0:33-0:49,2.0719,club_closing;club_peak,shared rules require manual review,moderate bass conflict (0.52),"style fit unavailable (missing style labels) — neutral;low key confidence — verify key before trusting harmonic result;context fit unavailable (no context profile) — neutral;no context profile — role/fit is context-free;not DJ-validated — output is a candidate estimate, not ground truth;conflicting descriptors — interpretation is unstable",,,,
48c18f8c79fc588e__b2d3c5c17b5e26ac,,"Mala, Magugu - Militant Don (Vocal)",Bodhi - 433Mhz (Original Mix),48c18f8c79fc588e,b2d3c5c17b5e26ac,"data/raw/Mala, Magugu - Militant Don (Vocal).mp3",data/raw/Bodhi - 433Mhz (Original Mix).mp3,reject_standard_blend,suppress,0.6695,0.69,echo_out,plain_blend,Auto mode falls back to plain blend because the engine prefers echo out over a standard overlap.,phrase_aligned_blend;standard_blend;hard_cut,False,pass,fail,high,direct,risky,,0.4354,0.2722,48c18f8c79fc588e_tw2,mix_out,2:18-2:30,b2d3c5c17b5e26ac_tw2,mix_in,0:49-1:05,2:18-2:30,0:49-1:05,1.6828,,harmonic clash risk 0.82 breaches the shared hard limit;shared hard block triggered recommendation suppression,moderate bass conflict (0.44);harmonic risk 0.82 — risky key move;harmonic clash risk 0.82 breaches the shared hard limit;harmonic gate failed — exposed key clash risk;shared pair rules triggered a hard block for standard blending,"style fit unavailable (missing style labels) — neutral;risky key relation, but low harmonic exposure may mask it;context fit unavailable (no context profile) — neutral;no context profile — role/fit is context-free;not DJ-validated — output is a candidate estimate, not ground truth;conflicting descriptors — interpretation is unstable;shared rules suggest a non-standard exit instead of a standard blend",,,,
48c18f8c79fc588e__deb940c4a6052fed,,"Mala, Magugu - Militant Don (Vocal)",Jorg Kuning - Mercedes (Original Mix),48c18f8c79fc588e,deb940c4a6052fed,"data/raw/Mala, Magugu - Militant Don (Vocal).mp3",data/raw/Jorg Kuning - Mercedes (Original Mix).mp3,review_required,review_only,0.6146,0.69,phrase_aligned_blend,bass_swap,Auto mode selects bass swap because bass conflict risk 0.52 favors a deliberate low-end handoff.,short_blend;echo_out,True,pass,review,medium,direct,risky,,0.5185,0.2641,48c18f8c79fc588e_tw2,mix_out,2:18-2:30,deb940c4a6052fed_tw1,mix_in,0:03-0:19,2:18-2:30,0:03-0:19,1.797,,harmonic risk 0.74 needs masking or careful transition timing;shared rules require manual review,moderate bass conflict (0.52);harmonic risk 0.74 — risky key move;harmonic risk 0.74 needs masking or careful transition timing,"style fit unavailable (missing style labels) — neutral;risky key relation, but low harmonic exposure may mask it;context fit unavailable (no context profile) — neutral;no context profile — role/fit is context-free;not DJ-validated — output is a candidate estimate, not ground truth;conflicting descriptors — interpretation is unstable;tempo gap is above easy-blend range — keep the overlap disciplined",,,,
48c18f8c79fc588e__e3b089eb3589fe94,,"Mala, Magugu - Militant Don (Vocal)",Muskila - YARAO (Original Mix),48c18f8c79fc588e,e3b089eb3589fe94,"data/raw/Mala, Magugu - Militant Don (Vocal).mp3",data/raw/Muskila - YARAO (Original Mix).mp3,review_required,review_only,0.6787,0.69,short_blend,bass_swap,Auto mode selects bass swap because bass conflict risk 0.52 favors a deliberate low-end handoff.,phrase_aligned_blend;standard_blend,True,pass,review,high,direct,risky,,0.5185,0.1605,48c18f8c79fc588e_tw2,mix_out,2:18-2:30,e3b089eb3589fe94_tw2,mix_in,0:00-0:16,2:18-2:30,0:00-0:16,1.8448,,harmonic risk 0.70 needs masking or careful transition timing;shared rules require manual review,moderate bass conflict (0.52);harmonic risk 0.70 — risky key move;harmonic risk 0.70 needs masking or careful transition timing,"style fit unavailable (missing style labels) — neutral;risky key relation, but low harmonic exposure may mask it;context fit unavailable (no context profile) — neutral;no context profile — role/fit is context-free;not DJ-validated — output is a candidate estimate, not ground truth;conflicting descriptors — interpretation is unstable",,,,
48c18f8c79fc588e__ecf64aa98ccd4467,,"Mala, Magugu - Militant Don (Vocal)",Bicep - CHROMA 004 ROLA (Original Mix),48c18f8c79fc588e,ecf64aa98ccd4467,"data/raw/Mala, Magugu - Militant Don (Vocal).mp3",data/raw/Bicep - CHROMA 004 ROLA (Original Mix).mp3,reject_standard_blend,suppress,0.5193,0.62,hard_cut,plain_blend,Auto mode falls back to plain blend because the engine prefers hard cut over a standard overlap.,echo_out,False,fail,review,low,direct,risky,,0.5185,0.2477,48c18f8c79fc588e_tw2,mix_out,2:18-2:30,ecf64aa98ccd4467_tw2,mix_in,0:00-0:09,2:18-2:30,0:00-0:09,1.7098,,extreme BPM jump 32.7% breaches the shared hard limit;harmonic risk 0.67 needs masking or careful transition timing;shared hard block triggered recommendation suppression,moderate bass conflict (0.52);harmonic risk 0.67 — risky key move;extreme BPM jump 32.7% breaches the shared hard limit;harmonic risk 0.67 needs masking or careful transition timing;tempo gate failed — reject standard blend;shared pair rules triggered a hard block for standard blending,"style fit unavailable (missing style labels) — neutral;risky key relation, but low harmonic exposure may mask it;context fit unavailable (no context profile) — neutral;no context profile — role/fit is context-free;not DJ-validated — output is a candidate estimate, not ground truth;conflicting descriptors — interpretation is unstable;extreme BPM jump — reject standard blend; shared rules suggest a non-standard exit",,,,
48c18f8c79fc588e__fea8b371ffd2adc5,,"Mala, Magugu - Militant Don (Vocal)",Povoa - Hacked Lime (Original Mix),48c18f8c79fc588e,fea8b371ffd2adc5,"data/raw/Mala, Magugu - Militant Don (Vocal).mp3",data/raw/Povoa - Hacked Lime (Original Mix).mp3,non_standard_strategy_required,review_only,0.6292,0.69,tempo_ramp,plain_blend,Auto mode falls back to plain blend because the engine prefers tempo ramp over a standard overlap.,echo_out;break_transition;hard_cut,False,strategy_dependent,review,medium,direct,unknown,,0.4808,0.2431,48c18f8c79fc588e_tw2,mix_out,2:18-2:30,fea8b371ffd2adc5_tw2,mix_in,0:08-0:24,2:18-2:30,0:08-0:24,1.7153,club_peak,effective BPM gap 7.5% needs a non-standard tempo strategy;harmonic risk 0.57 needs masking or careful transition timing;shared rules require manual review,moderate bass conflict (0.48);harmonic risk 0.57 — unknown key move;effective BPM gap 7.5% needs a non-standard tempo strategy;harmonic risk 0.57 needs masking or careful transition timing;tempo relation requires a non-standard transition strategy,"style fit unavailable (missing style labels) — neutral;low key confidence — verify key before trusting harmonic result;context fit unavailable (no context profile) — neutral;no context profile — role/fit is context-free;not DJ-validated — output is a candidate estimate, not ground truth;conflicting descriptors — interpretation is unstable;standard blend is risky at this BPM gap — non-standard strategy preferred; shared rules suggest a non-standard exit",,,,
76609e489f01f9de__06987e170b8722e1,,Rohaan - Got No _3 (Original Mix),BRUX (AUS) - Pull The Trigger (Original Mix),76609e489f01f9de,06987e170b8722e1,data/raw/Rohaan - Got No _3 (Original Mix).mp3,data/raw/BRUX (AUS) - Pull The Trigger (Original Mix).mp3,review_required,review_only,0.6851,0.69,standard_blend,bass_swap,Auto mode selects bass swap because bass conflict risk 0.46 favors a deliberate low-end handoff.,phrase_aligned_blend;short_blend,True,pass,review,high,direct,unknown,,0.4604,0.3348,76609e489f01f9de_tw2,mix_out,2:57-3:13,06987e170b8722e1_tw2,mix_in,0:00-0:13,2:57-3:13,0:00-0:13,1.476,,harmonic risk 0.63 needs masking or careful transition timing;shared rules require manual review,moderate bass conflict (0.46);harmonic risk 0.63 — unknown key move;harmonic risk 0.63 needs masking or careful transition timing,"style fit unavailable (missing style labels) — neutral;low key confidence — verify key before trusting harmonic result;context fit unavailable (no context profile) — neutral;no context profile — role/fit is context-free;not DJ-validated — output is a candidate estimate, not ground truth;conflicting descriptors — interpretation is unstable",,,,
76609e489f01f9de__0b6db038bbd47b93,,Rohaan - Got No _3 (Original Mix),"Fold, cu.rve - Business (Original Mix)",76609e489f01f9de,0b6db038bbd47b93,data/raw/Rohaan - Got No _3 (Original Mix).mp3,"data/raw/Fold, cu.rve - Business (Original Mix).mp3",review_required,review_only,0.6667,0.69,standard_blend,bass_swap,Auto mode selects bass swap because bass conflict risk 0.46 favors a deliberate low-end handoff.,phrase_aligned_blend;short_blend,True,pass,review,high,direct,unknown,,0.4604,0.348,76609e489f01f9de_tw2,mix_out,2:57-3:13,0b6db038bbd47b93_tw3,mix_in,0:17-0:33,2:57-3:13,0:17-0:33,1.3335,,harmonic risk 0.63 needs masking or careful transition timing;shared rules require manual review,moderate bass conflict (0.46);harmonic risk 0.63 — unknown key move;harmonic risk 0.63 needs masking or careful transition timing,"style fit unavailable (missing style labels) — neutral;low key confidence — verify key before trusting harmonic result;context fit unavailable (no context profile) — neutral;no context profile — role/fit is context-free;not DJ-validated — output is a candidate estimate, not ground truth;conflicting descriptors — interpretation is unstable",,,,
76609e489f01f9de__0d74f481c29d23c7,,Rohaan - Got No _3 (Original Mix),Butch - Schlecker (Original Mix),76609e489f01f9de,0d74f481c29d23c7,data/raw/Rohaan - Got No _3 (Original Mix).mp3,data/raw/Butch - Schlecker (Original Mix).mp3,non_standard_strategy_required,review_only,0.5892,0.69,tempo_ramp,plain_blend,Auto mode falls back to plain blend because the engine prefers tempo ramp over a standard overlap.,echo_out;break_transition;hard_cut,False,strategy_dependent,review,medium,direct,unknown,,0.398,0.3596,76609e489f01f9de_tw2,mix_out,2:57-3:13,0d74f481c29d23c7_tw1,mix_out,6:12-6:22,2:57-3:13,6:12-6:22,1.4967,club_closing;club_peak,effective BPM gap 9.8% needs a non-standard tempo strategy;harmonic risk 0.64 needs masking or careful transition timing;shared rules require manual review,harmonic risk 0.64 — unknown key move;effective BPM gap 9.8% needs a non-standard tempo strategy;harmonic risk 0.64 needs masking or careful transition timing;tempo relation requires a non-standard transition strategy,"style fit unavailable (missing style labels) — neutral;low key confidence — verify key before trusting harmonic result;context fit unavailable (no context profile) — neutral;no context profile — role/fit is context-free;not DJ-validated — output is a candidate estimate, not ground truth;conflicting descriptors — interpretation is unstable;standard blend is risky at this BPM gap — non-standard strategy preferred; shared rules suggest a non-standard exit",,,,
76609e489f01f9de__4056c8ee53cfb090,,Rohaan - Got No _3 (Original Mix),"Oscar Farrell, Mount XLR - Mod Break (Original Mix)",76609e489f01f9de,4056c8ee53cfb090,data/raw/Rohaan - Got No _3 (Original Mix).mp3,"data/raw/Oscar Farrell, Mount XLR - Mod Break (Original Mix).mp3",review_required,review_only,0.6257,0.69,phrase_aligned_blend,bass_swap,Auto mode selects bass swap because bass conflict risk 0.46 favors a deliberate low-end handoff.,short_blend;echo_out,True,pass,review,medium,direct,unknown,,0.4604,0.2867,76609e489f01f9de_tw2,mix_out,2:57-3:13,4056c8ee53cfb090_tw1,mix_in,1:20-1:36,2:57-3:13,1:20-1:36,1.671,club_closing;club_peak,harmonic risk 0.62 needs masking or careful transition timing;shared rules require manual review,moderate bass conflict (0.46);harmonic risk 0.62 — unknown key move;harmonic risk 0.62 needs masking or careful transition timing,"style fit unavailable (missing style labels) — neutral;low key confidence — verify key before trusting harmonic result;context fit unavailable (no context profile) — neutral;no context profile — role/fit is context-free;not DJ-validated — output is a candidate estimate, not ground truth;conflicting descriptors — interpretation is unstable;tempo gap is above easy-blend range — keep the overlap disciplined",,,,
76609e489f01f9de__48c18f8c79fc588e,,Rohaan - Got No _3 (Original Mix),"Mala, Magugu - Militant Don (Vocal)",76609e489f01f9de,48c18f8c79fc588e,data/raw/Rohaan - Got No _3 (Original Mix).mp3,"data/raw/Mala, Magugu - Militant Don (Vocal).mp3",review_required,review_only,0.6787,0.69,standard_blend,bass_swap,Auto mode selects bass swap because bass conflict risk 0.46 favors a deliberate low-end handoff.,phrase_aligned_blend;short_blend,True,pass,review,high,direct,unknown,,0.4604,0.2722,76609e489f01f9de_tw2,mix_out,2:57-3:13,48c18f8c79fc588e_tw1,mix_in,0:16-0:32,2:57-3:13,0:16-0:32,1.5316,,harmonic risk 0.62 needs masking or careful transition timing;shared rules require manual review,moderate bass conflict (0.46);harmonic risk 0.62 — unknown key move;harmonic risk 0.62 needs masking or careful transition timing,"style fit unavailable (missing style labels) — neutral;low key confidence — verify key before trusting harmonic result;context fit unavailable (no context profile) — neutral;no context profile — role/fit is context-free;not DJ-validated — output is a candidate estimate, not ground truth;conflicting descriptors — interpretation is unstable",,,,
76609e489f01f9de__79d93a2a256d0920,,Rohaan - Got No _3 (Original Mix),Bodhi - Thirst (Original Mix),76609e489f01f9de,79d93a2a256d0920,data/raw/Rohaan - Got No _3 (Original Mix).mp3,data/raw/Bodhi - Thirst (Original Mix).mp3,review_required,review_only,0.658,0.69,short_blend,contour_blend,Auto mode selects contour blend because vocal or mid exposure 0.35 favors a shaped overlap.,phrase_aligned_blend;standard_blend,True,pass,review,high,direct,unknown,,0.4016,0.3472,76609e489f01f9de_tw2,mix_out,2:57-3:13,79d93a2a256d0920_tw1,mix_in,0:59-1:15,2:57-3:13,0:59-1:15,1.6032,club_peak,harmonic risk 0.63 needs masking or careful transition timing;shared rules require manual review,moderate bass conflict (0.40);harmonic risk 0.63 — unknown key move;harmonic risk 0.63 needs masking or careful transition timing,"style fit unavailable (missing style labels) — neutral;low key confidence — verify key before trusting harmonic result;context fit unavailable (no context profile) — neutral;no context profile — role/fit is context-free;not DJ-validated — output is a candidate estimate, not ground truth;conflicting descriptors — interpretation is unstable",,,,
76609e489f01f9de__85d8116989ea2f32,,Rohaan - Got No _3 (Original Mix),O_Flynn - Srekye (Extended Mix),76609e489f01f9de,85d8116989ea2f32,data/raw/Rohaan - Got No _3 (Original Mix).mp3,data/raw/O_Flynn - Srekye (Extended Mix).mp3,review_required,review_only,0.5802,0.69,phrase_aligned_blend,contour_blend,Auto mode selects contour blend because vocal or mid exposure 0.42 favors a shaped overlap.,short_blend;echo_out,True,pass,review,medium,direct,unknown,,0.418,0.4168,76609e489f01f9de_tw2,mix_out,2:57-3:13,85d8116989ea2f32_tw2,mix_in,0:08-0:24,2:57-3:13,0:08-0:24,1.448,club_closing;club_peak,harmonic risk 0.65 needs masking or careful transition timing;shared rules require manual review,moderate bass conflict (0.42);harmonic risk 0.65 — unknown key move;harmonic risk 0.65 needs masking or careful transition timing,"style fit unavailable (missing style labels) — neutral;low key confidence — verify key before trusting harmonic result;context fit unavailable (no context profile) — neutral;no context profile — role/fit is context-free;not DJ-validated — output is a candidate estimate, not ground truth;conflicting descriptors — interpretation is unstable;tempo gap is above easy-blend range — keep the overlap disciplined",,,,
76609e489f01f9de__a749c305f32f7d51,,Rohaan - Got No _3 (Original Mix),AIROD - Rave Cycle (Original Mix),76609e489f01f9de,a749c305f32f7d51,data/raw/Rohaan - Got No _3 (Original Mix).mp3,data/raw/AIROD - Rave Cycle (Original Mix).mp3,non_standard_strategy_required,review_only,0.6322,0.69,tempo_ramp,plain_blend,Auto mode falls back to plain blend because the engine prefers tempo ramp over a standard overlap.,echo_out;break_transition;hard_cut,False,strategy_dependent,review,medium,direct,unknown,,0.4604,0.0959,76609e489f01f9de_tw2,mix_out,2:57-3:13,a749c305f32f7d51_tw1,mix_in,0:00-0:09,2:57-3:13,0:00-0:09,1.6943,club_closing;club_peak,effective BPM gap 7.5% needs a non-standard tempo strategy;harmonic risk 0.58 needs masking or careful transition timing;shared rules require manual review,moderate bass conflict (0.46);harmonic risk 0.58 — unknown key move;effective BPM gap 7.5% needs a non-standard tempo strategy;harmonic risk 0.58 needs masking or careful transition timing;tempo relation requires a non-standard transition strategy,"style fit unavailable (missing style labels) — neutral;low key confidence — verify key before trusting harmonic result;context fit unavailable (no context profile) — neutral;no context profile — role/fit is context-free;not DJ-validated — output is a candidate estimate, not ground truth;conflicting descriptors — interpretation is unstable;standard blend is risky at this BPM gap — non-standard strategy preferred; shared rules suggest a non-standard exit",,,,
76609e489f01f9de__aaecfee7674ae3ed,,Rohaan - Got No _3 (Original Mix),"TSVI, Josi Devil - M.e.S (feat. TSVI) (feat. TSVI)",76609e489f01f9de,aaecfee7674ae3ed,data/raw/Rohaan - Got No _3 (Original Mix).mp3,"data/raw/TSVI, Josi Devil - M.e.S (feat. TSVI) (feat. TSVI).mp3",review_required,review_only,0.6911,0.69,short_blend,bass_swap,Auto mode selects bass swap because bass conflict risk 0.46 favors a deliberate low-end handoff.,phrase_aligned_blend;standard_blend,True,pass,review,high,direct,unknown,,0.4604,0.1082,76609e489f01f9de_tw2,mix_out,2:57-3:13,aaecfee7674ae3ed_tw1,mix_in,0:33-0:49,2:57-3:13,0:33-0:49,1.8095,club_closing;club_peak,harmonic risk 0.57 needs masking or careful transition timing;shared rules require manual review,moderate bass conflict (0.46);harmonic risk 0.57 — unknown key move;harmonic risk 0.57 needs masking or careful transition timing,"style fit unavailable (missing style labels) — neutral;low key confidence — verify key before trusting harmonic result;context fit unavailable (no context profile) — neutral;no context profile — role/fit is context-free;not DJ-validated — output is a candidate estimate, not ground truth;conflicting descriptors — interpretation is unstable",,,,
76609e489f01f9de__b2d3c5c17b5e26ac,,Rohaan - Got No _3 (Original Mix),Bodhi - 433Mhz (Original Mix),76609e489f01f9de,b2d3c5c17b5e26ac,data/raw/Rohaan - Got No _3 (Original Mix).mp3,data/raw/Bodhi - 433Mhz (Original Mix).mp3,review_required,review_only,0.6478,0.69,short_blend,contour_blend,Auto mode selects contour blend because vocal or mid exposure 0.37 favors a shaped overlap.,phrase_aligned_blend;standard_blend,True,pass,review,high,direct,unknown,,0.4354,0.3695,76609e489f01f9de_tw2,mix_out,2:57-3:13,b2d3c5c17b5e26ac_tw2,mix_in,0:49-1:05,2:57-3:13,0:49-1:05,1.4337,,harmonic risk 0.64 needs masking or careful transition timing;shared rules require manual review,moderate bass conflict (0.44);harmonic risk 0.64 — unknown key move;harmonic risk 0.64 needs masking or careful transition timing,"style fit unavailable (missing style labels) — neutral;low key confidence — verify key before trusting harmonic result;context fit unavailable (no context profile) — neutral;no context profile — role/fit is context-free;not DJ-validated — output is a candidate estimate, not ground truth;conflicting descriptors — interpretation is unstable",,,,
76609e489f01f9de__deb940c4a6052fed,,Rohaan - Got No _3 (Original Mix),Jorg Kuning - Mercedes (Original Mix),76609e489f01f9de,deb940c4a6052fed,data/raw/Rohaan - Got No _3 (Original Mix).mp3,data/raw/Jorg Kuning - Mercedes (Original Mix).mp3,review_required,review_only,0.6224,0.69,phrase_aligned_blend,bass_swap,Auto mode selects bass swap because bass conflict risk 0.46 favors a deliberate low-end handoff.,short_blend;echo_out,True,pass,review,medium,direct,unknown,,0.4604,0.2641,76609e489f01f9de_tw2,mix_out,2:57-3:13,deb940c4a6052fed_tw1,mix_in,0:03-0:19,2:57-3:13,0:03-0:19,1.5999,,harmonic risk 0.61 needs masking or careful transition timing;shared rules require manual review,moderate bass conflict (0.46);harmonic risk 0.61 — unknown key move;harmonic risk 0.61 needs masking or careful transition timing,"style fit unavailable (missing style labels) — neutral;low key confidence — verify key before trusting harmonic result;context fit unavailable (no context profile) — neutral;no context profile — role/fit is context-free;not DJ-validated — output is a candidate estimate, not ground truth;conflicting descriptors — interpretation is unstable;tempo gap is above easy-blend range — keep the overlap disciplined",,,,
76609e489f01f9de__e3b089eb3589fe94,,Rohaan - Got No _3 (Original Mix),Muskila - YARAO (Original Mix),76609e489f01f9de,e3b089eb3589fe94,data/raw/Rohaan - Got No _3 (Original Mix).mp3,data/raw/Muskila - YARAO (Original Mix).mp3,review_required,review_only,0.6802,0.69,short_blend,bass_swap,Auto mode selects bass swap because bass conflict risk 0.46 favors a deliberate low-end handoff.,phrase_aligned_blend;standard_blend,True,pass,review,high,direct,unknown,,0.4604,0.1605,76609e489f01f9de_tw2,mix_out,2:57-3:13,e3b089eb3589fe94_tw2,mix_in,0:00-0:16,2:57-3:13,0:00-0:16,1.6361,,harmonic risk 0.59 needs masking or careful transition timing;shared rules require manual review,moderate bass conflict (0.46);harmonic risk 0.59 — unknown key move;harmonic risk 0.59 needs masking or careful transition timing,"style fit unavailable (missing style labels) — neutral;low key confidence — verify key before trusting harmonic result;context fit unavailable (no context profile) — neutral;no context profile — role/fit is context-free;not DJ-validated — output is a candidate estimate, not ground truth;conflicting descriptors — interpretation is unstable",,,,
76609e489f01f9de__ecf64aa98ccd4467,,Rohaan - Got No _3 (Original Mix),Bicep - CHROMA 004 ROLA (Original Mix),76609e489f01f9de,ecf64aa98ccd4467,data/raw/Rohaan - Got No _3 (Original Mix).mp3,data/raw/Bicep - CHROMA 004 ROLA (Original Mix).mp3,reject_standard_blend,suppress,0.5318,0.62,hard_cut,plain_blend,Auto mode falls back to plain blend because the engine prefers hard cut over a standard overlap.,echo_out,False,fail,review,low,direct,unknown,,0.4604,0.2477,76609e489f01f9de_tw2,mix_out,2:57-3:13,ecf64aa98ccd4467_tw2,mix_in,0:00-0:09,2:57-3:13,0:00-0:09,1.5251,,extreme BPM jump 32.7% breaches the shared hard limit;harmonic risk 0.61 needs masking or careful transition timing;shared hard block triggered recommendation suppression,moderate bass conflict (0.46);harmonic risk 0.61 — unknown key move;extreme BPM jump 32.7% breaches the shared hard limit;harmonic risk 0.61 needs masking or careful transition timing;tempo gate failed — reject standard blend;shared pair rules triggered a hard block for standard blending,"style fit unavailable (missing style labels) — neutral;low key confidence — verify key before trusting harmonic result;context fit unavailable (no context profile) — neutral;no context profile — role/fit is context-free;not DJ-validated — output is a candidate estimate, not ground truth;conflicting descriptors — interpretation is unstable;extreme BPM jump — reject standard blend; shared rules suggest a non-standard exit",,,,
76609e489f01f9de__fea8b371ffd2adc5,,Rohaan - Got No _3 (Original Mix),Povoa - Hacked Lime (Original Mix),76609e489f01f9de,fea8b371ffd2adc5,data/raw/Rohaan - Got No _3 (Original Mix).mp3,data/raw/Povoa - Hacked Lime (Original Mix).mp3,non_standard_strategy_required,review_only,0.6123,0.69,tempo_ramp,plain_blend,Auto mode falls back to plain blend because the engine prefers tempo ramp over a standard overlap.,echo_out;break_transition;hard_cut,False,strategy_dependent,review,medium,direct,unknown,,0.4604,0.2431,76609e489f01f9de_tw2,mix_out,2:57-3:13,fea8b371ffd2adc5_tw2,mix_in,0:08-0:24,2:57-3:13,0:08-0:24,1.4802,club_peak,effective BPM gap 7.5% needs a non-standard tempo strategy;harmonic risk 0.61 needs masking or careful transition timing;shared rules require manual review,moderate bass conflict (0.46);harmonic risk 0.61 — unknown key move;effective BPM gap 7.5% needs a non-standard tempo strategy;harmonic risk 0.61 needs masking or careful transition timing;tempo relation requires a non-standard transition strategy,"style fit unavailable (missing style labels) — neutral;low key confidence — verify key before trusting harmonic result;context fit unavailable (no context profile) — neutral;no context profile — role/fit is context-free;not DJ-validated — output is a candidate estimate, not ground truth;conflicting descriptors — interpretation is unstable;standard blend is risky at this BPM gap — non-standard strategy preferred; shared rules suggest a non-standard exit",,,,
79d93a2a256d0920__06987e170b8722e1,,Bodhi - Thirst (Original Mix),BRUX (AUS) - Pull The Trigger (Original Mix),79d93a2a256d0920,06987e170b8722e1,data/raw/Bodhi - Thirst (Original Mix).mp3,data/raw/BRUX (AUS) - Pull The Trigger (Original Mix).mp3,review_required,review_only,0.6772,0.69,short_blend,contour_blend,Auto mode selects contour blend because vocal or mid exposure 0.33 favors a shaped overlap.,phrase_aligned_blend;standard_blend,True,pass,review,high,direct,unknown,,0.4016,0.3348,79d93a2a256d0920_tw2,mix_out,3:31-3:47,06987e170b8722e1_tw2,mix_in,0:00-0:13,3:31-3:47,0:00-0:13,1.7393,festival_daytime,harmonic risk 0.60 needs masking or careful transition timing;shared rules require manual review,moderate bass conflict (0.40);harmonic risk 0.60 — unknown key move;harmonic risk 0.60 needs masking or careful transition timing,"style fit unavailable (missing style labels) — neutral;low key confidence — verify key before trusting harmonic result;context fit unavailable (no context profile) — neutral;no context profile — role/fit is context-free;not DJ-validated — output is a candidate estimate, not ground truth;conflicting descriptors — interpretation is unstable",,,,
79d93a2a256d0920__0b6db038bbd47b93,,Bodhi - Thirst (Original Mix),"Fold, cu.rve - Business (Original Mix)",79d93a2a256d0920,0b6db038bbd47b93,data/raw/Bodhi - Thirst (Original Mix).mp3,"data/raw/Fold, cu.rve - Business (Original Mix).mp3",reject_standard_blend,suppress,0.6467,0.69,echo_out,plain_blend,Auto mode falls back to plain blend because the engine prefers echo out over a standard overlap.,phrase_aligned_blend;standard_blend;hard_cut,False,pass,fail,high,direct,risky,,0.4016,0.3472,79d93a2a256d0920_tw2,mix_out,3:31-3:47,0b6db038bbd47b93_tw3,mix_in,0:17-0:33,3:31-3:47,0:17-0:33,1.5844,festival_daytime,harmonic clash risk 0.84 breaches the shared hard limit;shared hard block triggered recommendation suppression,moderate bass conflict (0.40);harmonic risk 0.84 — risky key move;harmonic clash risk 0.84 breaches the shared hard limit;harmonic gate failed — exposed key clash risk;shared pair rules triggered a hard block for standard blending,"style fit unavailable (missing style labels) — neutral;risky key relation, but low harmonic exposure may mask it;context fit unavailable (no context profile) — neutral;no context profile — role/fit is context-free;not DJ-validated — output is a candidate estimate, not ground truth;conflicting descriptors — interpretation is unstable;shared rules suggest a non-standard exit instead of a standard blend",,,,
79d93a2a256d0920__0d74f481c29d23c7,,Bodhi - Thirst (Original Mix),Butch - Schlecker (Original Mix),79d93a2a256d0920,0d74f481c29d23c7,data/raw/Bodhi - Thirst (Original Mix).mp3,data/raw/Butch - Schlecker (Original Mix).mp3,reject_standard_blend,suppress,0.626,0.69,tempo_ramp,plain_blend,Auto mode falls back to plain blend because the engine prefers tempo ramp over a standard overlap.,echo_out;break_transition;hard_cut,False,strategy_dependent,fail,medium,direct,risky,,0.398,0.3472,79d93a2a256d0920_tw2,mix_out,3:31-3:47,0d74f481c29d23c7_tw1,mix_out,6:12-6:22,3:31-3:47,6:12-6:22,1.8585,club_closing;club_peak;festival_daytime,effective BPM gap 7.3% needs a non-standard tempo strategy;harmonic clash risk 0.82 breaches the shared hard limit;shared hard block triggered recommendation suppression,harmonic risk 0.82 — risky key move;effective BPM gap 7.3% needs a non-standard tempo strategy;harmonic clash risk 0.82 breaches the shared hard limit;tempo relation requires a non-standard transition strategy;harmonic gate failed — exposed key clash risk;shared pair rules triggered a hard block for standard blending,"style fit unavailable (missing style labels) — neutral;risky key relation, but low harmonic exposure may mask it;context fit unavailable (no context profile) — neutral;no context profile — role/fit is context-free;not DJ-validated — output is a candidate estimate, not ground truth;conflicting descriptors — interpretation is unstable;standard blend is risky at this BPM gap — non-standard strategy preferred; shared rules suggest a non-standard exit",,,,
79d93a2a256d0920__4056c8ee53cfb090,,Bodhi - Thirst (Original Mix),"Oscar Farrell, Mount XLR - Mod Break (Original Mix)",79d93a2a256d0920,4056c8ee53cfb090,data/raw/Bodhi - Thirst (Original Mix).mp3,"data/raw/Oscar Farrell, Mount XLR - Mod Break (Original Mix).mp3",review_required,review_only,0.6652,0.69,short_blend,contour_blend,Auto mode selects contour blend because vocal or mid exposure 0.29 favors a shaped overlap.,phrase_aligned_blend;standard_blend,True,pass,review,high,direct,risky,,0.4016,0.2867,79d93a2a256d0920_tw2,mix_out,3:31-3:47,4056c8ee53cfb090_tw1,mix_in,1:20-1:36,3:31-3:47,1:20-1:36,1.9591,club_closing;club_peak;festival_daytime,harmonic risk 0.65 needs masking or careful transition timing;shared rules require manual review,moderate bass conflict (0.40);harmonic risk 0.65 — risky key move;harmonic risk 0.65 needs masking or careful transition timing,"style fit unavailable (missing style labels) — neutral;risky key relation, but low harmonic exposure may mask it;context fit unavailable (no context profile) — neutral;no context profile — role/fit is context-free;not DJ-validated — output is a candidate estimate, not ground truth;conflicting descriptors — interpretation is unstable",,,,
79d93a2a256d0920__48c18f8c79fc588e,,Bodhi - Thirst (Original Mix),"Mala, Magugu - Militant Don (Vocal)",79d93a2a256d0920,48c18f8c79fc588e,data/raw/Bodhi - Thirst (Original Mix).mp3,"data/raw/Mala, Magugu - Militant Don (Vocal).mp3",review_required,review_only,0.6539,0.69,short_blend,contour_blend,Auto mode selects contour blend because vocal or mid exposure 0.27 favors a shaped overlap.,phrase_aligned_blend;standard_blend,True,pass,review,high,direct,risky,,0.4016,0.2722,79d93a2a256d0920_tw2,mix_out,3:31-3:47,48c18f8c79fc588e_tw1,mix_in,0:16-0:32,3:31-3:47,0:16-0:32,1.7654,festival_daytime,harmonic risk 0.65 needs masking or careful transition timing;shared rules require manual review,moderate bass conflict (0.40);harmonic risk 0.65 — risky key move;harmonic risk 0.65 needs masking or careful transition timing,"style fit unavailable (missing style labels) — neutral;risky key relation, but low harmonic exposure may mask it;context fit unavailable (no context profile) — neutral;no context profile — role/fit is context-free;not DJ-validated — output is a candidate estimate, not ground truth;conflicting descriptors — interpretation is unstable",,,,
79d93a2a256d0920__76609e489f01f9de,,Bodhi - Thirst (Original Mix),Rohaan - Got No _3 (Original Mix),79d93a2a256d0920,76609e489f01f9de,data/raw/Bodhi - Thirst (Original Mix).mp3,data/raw/Rohaan - Got No _3 (Original Mix).mp3,review_required,review_only,0.6668,0.69,short_blend,contour_blend,Auto mode selects contour blend because vocal or mid exposure 0.35 favors a shaped overlap.,phrase_aligned_blend;standard_blend,True,pass,review,high,direct,unknown,,0.4016,0.3472,79d93a2a256d0920_tw2,mix_out,3:31-3:47,76609e489f01f9de_tw1,bridge,1:31-1:47,3:31-3:47,1:31-1:47,1.6353,club_closing;club_peak;festival_daytime,harmonic risk 0.63 needs masking or careful transition timing;shared rules require manual review,moderate bass conflict (0.40);harmonic risk 0.63 — unknown key move;harmonic risk 0.63 needs masking or careful transition timing,"style fit unavailable (missing style labels) — neutral;low key confidence — verify key before trusting harmonic result;context fit unavailable (no context profile) — neutral;no context profile — role/fit is context-free;not DJ-validated — output is a candidate estimate, not ground truth;conflicting descriptors — interpretation is unstable",,,,
79d93a2a256d0920__85d8116989ea2f32,,Bodhi - Thirst (Original Mix),O_Flynn - Srekye (Extended Mix),79d93a2a256d0920,85d8116989ea2f32,data/raw/Bodhi - Thirst (Original Mix).mp3,data/raw/O_Flynn - Srekye (Extended Mix).mp3,review_required,review_only,0.6725,0.69,short_blend,contour_blend,Auto mode selects contour blend because vocal or mid exposure 0.35 favors a shaped overlap.,phrase_aligned_blend;standard_blend,True,pass,review,high,direct,unknown,,0.4016,0.3472,79d93a2a256d0920_tw2,mix_out,3:31-3:47,85d8116989ea2f32_tw2,mix_in,0:08-0:24,3:31-3:47,0:08-0:24,1.8339,club_closing;club_peak;festival_daytime,harmonic risk 0.64 needs masking or careful transition timing;shared rules require manual review,moderate bass conflict (0.40);harmonic risk 0.64 — unknown key move;harmonic risk 0.64 needs masking or careful transition timing,"style fit unavailable (missing style labels) — neutral;low key confidence — verify key before trusting harmonic result;context fit unavailable (no context profile) — neutral;no context profile — role/fit is context-free;not DJ-validated — output is a candidate estimate, not ground truth;conflicting descriptors — interpretation is unstable",,,,
79d93a2a256d0920__a749c305f32f7d51,,Bodhi - Thirst (Original Mix),AIROD - Rave Cycle (Original Mix),79d93a2a256d0920,a749c305f32f7d51,data/raw/Bodhi - Thirst (Original Mix).mp3,data/raw/AIROD - Rave Cycle (Original Mix).mp3,review_required,review_only,0.657,0.69,phrase_aligned_blend,tops_swap,Auto mode selects tops swap because phrase aligned blend prefers a tighter upper-band handoff.,short_blend;echo_out,True,pass,review,medium,direct,unknown,,0.4016,0.0959,79d93a2a256d0920_tw2,mix_out,3:31-3:47,a749c305f32f7d51_tw1,mix_in,0:00-0:09,3:31-3:47,0:00-0:09,2.0211,club_closing;club_peak;festival_daytime,harmonic risk 0.56 needs masking or careful transition timing;shared rules require manual review,moderate bass conflict (0.40);harmonic risk 0.56 — unknown key move;harmonic risk 0.56 needs masking or careful transition timing,"style fit unavailable (missing style labels) — neutral;low key confidence — verify key before trusting harmonic result;context fit unavailable (no context profile) — neutral;no context profile — role/fit is context-free;not DJ-validated — output is a candidate estimate, not ground truth;conflicting descriptors — interpretation is unstable;tempo gap is above easy-blend range — keep the overlap disciplined",,,,
79d93a2a256d0920__aaecfee7674ae3ed,,Bodhi - Thirst (Original Mix),"TSVI, Josi Devil - M.e.S (feat. TSVI) (feat. TSVI)",79d93a2a256d0920,aaecfee7674ae3ed,data/raw/Bodhi - Thirst (Original Mix).mp3,"data/raw/TSVI, Josi Devil - M.e.S (feat. TSVI) (feat. TSVI).mp3",review_required,review_only,0.6624,0.69,phrase_aligned_blend,tops_swap,Auto mode selects tops swap because phrase aligned blend prefers a tighter upper-band handoff.,short_blend;echo_out,True,pass,review,medium,direct,risky,,0.4016,0.1082,79d93a2a256d0920_tw2,mix_out,3:31-3:47,aaecfee7674ae3ed_tw1,mix_in,0:33-0:49,3:31-3:47,0:33-0:49,2.1116,club_closing;club_peak;festival_daytime,harmonic risk 0.74 needs masking or careful transition timing;shared rules require manual review,moderate bass conflict (0.40);harmonic risk 0.74 — risky key move;harmonic risk 0.74 needs masking or careful transition timing,"style fit unavailable (missing style labels) — neutral;risky key relation, but low harmonic exposure may mask it;context fit unavailable (no context profile) — neutral;no context profile — role/fit is context-free;not DJ-validated — output is a candidate estimate, not ground truth;conflicting descriptors — interpretation is unstable;tempo gap is above easy-blend range — keep the overlap disciplined",,,,
79d93a2a256d0920__b2d3c5c17b5e26ac,,Bodhi - Thirst (Original Mix),Bodhi - 433Mhz (Original Mix),79d93a2a256d0920,b2d3c5c17b5e26ac,data/raw/Bodhi - Thirst (Original Mix).mp3,data/raw/Bodhi - 433Mhz (Original Mix).mp3,review_required,review_only,0.7098,0.69,standard_blend,contour_blend,Auto mode selects contour blend because vocal or mid exposure 0.35 favors a shaped overlap.,phrase_aligned_blend;short_blend,True,pass,pass,high,direct,exact,,0.4016,0.3472,79d93a2a256d0920_tw2,mix_out,3:31-3:47,b2d3c5c17b5e26ac_tw2,mix_in,0:49-1:05,3:31-3:47,0:49-1:05,1.812,festival_daytime,shared rules require manual review,moderate bass conflict (0.40),"style fit unavailable (missing style labels) — neutral;low key confidence — verify key before trusting harmonic result;context fit unavailable (no context profile) — neutral;no context profile — role/fit is context-free;not DJ-validated — output is a candidate estimate, not ground truth;conflicting descriptors — interpretation is unstable",,,,
79d93a2a256d0920__deb940c4a6052fed,,Bodhi - Thirst (Original Mix),Jorg Kuning - Mercedes (Original Mix),79d93a2a256d0920,deb940c4a6052fed,data/raw/Bodhi - Thirst (Original Mix).mp3,data/raw/Jorg Kuning - Mercedes (Original Mix).mp3,reject_standard_blend,suppress,0.666,0.69,echo_out,plain_blend,Auto mode falls back to plain blend because the engine prefers echo out over a standard overlap.,phrase_aligned_blend;standard_blend;hard_cut,False,pass,fail,high,direct,risky,,0.4016,0.2641,79d93a2a256d0920_tw2,mix_out,3:31-3:47,deb940c4a6052fed_tw1,mix_in,0:03-0:19,3:31-3:47,0:03-0:19,1.9018,festival_daytime,harmonic clash risk 0.77 breaches the shared hard limit;shared hard block triggered recommendation suppression,moderate bass conflict (0.40);harmonic risk 0.77 — risky key move;harmonic clash risk 0.77 breaches the shared hard limit;harmonic gate failed — exposed key clash risk;shared pair rules triggered a hard block for standard blending,"style fit unavailable (missing style labels) — neutral;risky key relation, but low harmonic exposure may mask it;context fit unavailable (no context profile) — neutral;no context profile — role/fit is context-free;not DJ-validated — output is a candidate estimate, not ground truth;conflicting descriptors — interpretation is unstable;shared rules suggest a non-standard exit instead of a standard blend",,,,
79d93a2a256d0920__e3b089eb3589fe94,,Bodhi - Thirst (Original Mix),Muskila - YARAO (Original Mix),79d93a2a256d0920,e3b089eb3589fe94,data/raw/Bodhi - Thirst (Original Mix).mp3,data/raw/Muskila - YARAO (Original Mix).mp3,review_required,review_only,0.7259,0.69,standard_blend,plain_blend,Auto mode selects plain blend because standard overlap is allowed and bass or vocal conflict stays controlled.,phrase_aligned_blend;short_blend,True,pass,pass,high,direct,adjacent_same_mode,,0.4016,0.1605,79d93a2a256d0920_tw2,mix_out,3:31-3:47,e3b089eb3589fe94_tw2,mix_in,0:00-0:16,3:31-3:47,0:00-0:16,1.9871,festival_daytime,shared rules require manual review,moderate bass conflict (0.40),"style fit unavailable (missing style labels) — neutral;context fit unavailable (no context profile) — neutral;no context profile — role/fit is context-free;not DJ-validated — output is a candidate estimate, not ground truth;conflicting descriptors — interpretation is unstable",,,,
79d93a2a256d0920__ecf64aa98ccd4467,,Bodhi - Thirst (Original Mix),Bicep - CHROMA 004 ROLA (Original Mix),79d93a2a256d0920,ecf64aa98ccd4467,data/raw/Bodhi - Thirst (Original Mix).mp3,data/raw/Bicep - CHROMA 004 ROLA (Original Mix).mp3,reject_standard_blend,suppress,0.5779,0.62,hard_cut,plain_blend,Auto mode falls back to plain blend because the engine prefers hard cut over a standard overlap.,echo_out,False,fail,pass,low,direct,exact,,0.4016,0.2477,79d93a2a256d0920_tw2,mix_out,3:31-3:47,ecf64aa98ccd4467_tw2,mix_in,0:00-0:09,3:31-3:47,0:00-0:09,1.8689,festival_daytime,extreme BPM jump 30.9% breaches the shared hard limit;shared hard block triggered recommendation suppression,moderate bass conflict (0.40);extreme BPM jump 30.9% breaches the shared hard limit;tempo gate failed — reject standard blend;shared pair rules triggered a hard block for standard blending,"style fit unavailable (missing style labels) — neutral;context fit unavailable (no context profile) — neutral;no context profile — role/fit is context-free;not DJ-validated — output is a candidate estimate, not ground truth;conflicting descriptors — interpretation is unstable;extreme BPM jump — reject standard blend; shared rules suggest a non-standard exit",,,,
79d93a2a256d0920__fea8b371ffd2adc5,,Bodhi - Thirst (Original Mix),Povoa - Hacked Lime (Original Mix),79d93a2a256d0920,fea8b371ffd2adc5,data/raw/Bodhi - Thirst (Original Mix).mp3,data/raw/Povoa - Hacked Lime (Original Mix).mp3,review_required,review_only,0.6392,0.69,phrase_aligned_blend,contour_blend,Auto mode selects contour blend because vocal or mid exposure 0.24 favors a shaped overlap.,short_blend;echo_out,True,pass,review,medium,direct,unknown,,0.4016,0.2431,79d93a2a256d0920_tw2,mix_out,3:31-3:47,fea8b371ffd2adc5_tw2,mix_in,0:08-0:24,3:31-3:47,0:08-0:24,1.811,club_peak;festival_daytime,harmonic risk 0.59 needs masking or careful transition timing;shared rules require manual review,moderate bass conflict (0.40);harmonic risk 0.59 — unknown key move;harmonic risk 0.59 needs masking or careful transition timing,"style fit unavailable (missing style labels) — neutral;low key confidence — verify key before trusting harmonic result;context fit unavailable (no context profile) — neutral;no context profile — role/fit is context-free;not DJ-validated — output is a candidate estimate, not ground truth;conflicting descriptors — interpretation is unstable;tempo gap is above easy-blend range — keep the overlap disciplined",,,,
85d8116989ea2f32__06987e170b8722e1,,O_Flynn - Srekye (Extended Mix),BRUX (AUS) - Pull The Trigger (Original Mix),85d8116989ea2f32,06987e170b8722e1,data/raw/O_Flynn - Srekye (Extended Mix).mp3,data/raw/BRUX (AUS) - Pull The Trigger (Original Mix).mp3,review_required,review_only,0.6138,0.69,phrase_aligned_blend,contour_blend,Auto mode selects contour blend because vocal or mid exposure 0.33 favors a shaped overlap.,short_blend;echo_out,True,pass,review,medium,direct,unknown,,0.418,0.3348,85d8116989ea2f32_tw1,bridge,2:02-2:18,06987e170b8722e1_tw2,mix_in,0:00-0:13,2:02-2:18,0:00-0:13,1.8299,club_opening;festival_daytime,harmonic risk 0.63 needs masking or careful transition timing;shared rules require manual review,moderate bass conflict (0.42);harmonic risk 0.63 — unknown key move;harmonic risk 0.63 needs masking or careful transition timing,"style fit unavailable (missing style labels) — neutral;low key confidence — verify key before trusting harmonic result;context fit unavailable (no context profile) — neutral;no context profile — role/fit is context-free;not DJ-validated — output is a candidate estimate, not ground truth;conflicting descriptors — interpretation is unstable;tempo gap is above easy-blend range — keep the overlap disciplined",,,,
85d8116989ea2f32__0b6db038bbd47b93,,O_Flynn - Srekye (Extended Mix),"Fold, cu.rve - Business (Original Mix)",85d8116989ea2f32,0b6db038bbd47b93,data/raw/O_Flynn - Srekye (Extended Mix).mp3,"data/raw/Fold, cu.rve - Business (Original Mix).mp3",review_required,review_only,0.5943,0.69,phrase_aligned_blend,contour_blend,Auto mode selects contour blend because vocal or mid exposure 0.35 favors a shaped overlap.,short_blend;echo_out,True,pass,review,medium,direct,unknown,,0.418,0.348,85d8116989ea2f32_tw1,bridge,2:02-2:18,0b6db038bbd47b93_tw3,mix_in,0:17-0:33,2:02-2:18,0:17-0:33,1.6852,club_opening;festival_daytime,harmonic risk 0.64 needs masking or careful transition timing;shared rules require manual review,moderate bass conflict (0.42);harmonic risk 0.64 — unknown key move;harmonic risk 0.64 needs masking or careful transition timing,"style fit unavailable (missing style labels) — neutral;low key confidence — verify key before trusting harmonic result;context fit unavailable (no context profile) — neutral;no context profile — role/fit is context-free;not DJ-validated — output is a candidate estimate, not ground truth;conflicting descriptors — interpretation is unstable;tempo gap is above easy-blend range — keep the overlap disciplined",,,,
85d8116989ea2f32__0d74f481c29d23c7,,O_Flynn - Srekye (Extended Mix),Butch - Schlecker (Original Mix),85d8116989ea2f32,0d74f481c29d23c7,data/raw/O_Flynn - Srekye (Extended Mix).mp3,data/raw/Butch - Schlecker (Original Mix).mp3,review_required,review_only,0.6371,0.69,phrase_aligned_blend,contour_blend,Auto mode selects contour blend because vocal or mid exposure 0.36 favors a shaped overlap.,short_blend;echo_out,True,pass,review,medium,direct,unknown,,0.398,0.3596,85d8116989ea2f32_tw1,bridge,2:02-2:18,0d74f481c29d23c7_tw1,mix_out,6:12-6:22,2:02-2:18,6:12-6:22,2.0126,club_closing;club_opening;club_peak;festival_daytime,harmonic risk 0.64 needs masking or careful transition timing;shared rules require manual review,harmonic risk 0.64 — unknown key move;harmonic risk 0.64 needs masking or careful transition timing,"style fit unavailable (missing style labels) — neutral;low key confidence — verify key before trusting harmonic result;context fit unavailable (no context profile) — neutral;no context profile — role/fit is context-free;not DJ-validated — output is a candidate estimate, not ground truth;conflicting descriptors — interpretation is unstable;tempo gap is above easy-blend range — keep the overlap disciplined",,,,
85d8116989ea2f32__4056c8ee53cfb090,,O_Flynn - Srekye (Extended Mix),"Oscar Farrell, Mount XLR - Mod Break (Original Mix)",85d8116989ea2f32,4056c8ee53cfb090,data/raw/O_Flynn - Srekye (Extended Mix).mp3,"data/raw/Oscar Farrell, Mount XLR - Mod Break (Original Mix).mp3",review_required,review_only,0.6946,0.69,standard_blend,contour_blend,Auto mode selects contour blend because vocal or mid exposure 0.29 favors a shaped overlap.,phrase_aligned_blend;short_blend,True,pass,review,high,direct,unknown,,0.418,0.2867,85d8116989ea2f32_tw1,bridge,2:02-2:18,4056c8ee53cfb090_tw1,mix_in,1:20-1:36,2:02-2:18,1:20-1:36,2.1558,club_closing;club_opening;club_peak;festival_daytime,harmonic risk 0.62 needs masking or careful transition timing;shared rules require manual review,moderate bass conflict (0.42);harmonic risk 0.62 — unknown key move;harmonic risk 0.62 needs masking or careful transition timing,"style fit unavailable (missing style labels) — neutral;low key confidence — verify key before trusting harmonic result;context fit unavailable (no context profile) — neutral;no context profile — role/fit is context-free;not DJ-validated — output is a candidate estimate, not ground truth;conflicting descriptors — interpretation is unstable",,,,
85d8116989ea2f32__48c18f8c79fc588e,,O_Flynn - Srekye (Extended Mix),"Mala, Magugu - Militant Don (Vocal)",85d8116989ea2f32,48c18f8c79fc588e,data/raw/O_Flynn - Srekye (Extended Mix).mp3,"data/raw/Mala, Magugu - Militant Don (Vocal).mp3",review_required,review_only,0.6163,0.69,phrase_aligned_blend,contour_blend,Auto mode selects contour blend because vocal or mid exposure 0.27 favors a shaped overlap.,short_blend;echo_out,True,pass,review,medium,direct,unknown,,0.418,0.2722,85d8116989ea2f32_tw1,bridge,2:02-2:18,48c18f8c79fc588e_tw1,mix_in,0:16-0:32,2:02-2:18,0:16-0:32,1.9024,club_opening;festival_daytime,harmonic risk 0.62 needs masking or careful transition timing;shared rules require manual review,moderate bass conflict (0.42);harmonic risk 0.62 — unknown key move;harmonic risk 0.62 needs masking or careful transition timing,"style fit unavailable (missing style labels) — neutral;low key confidence — verify key before trusting harmonic result;context fit unavailable (no context profile) — neutral;no context profile — role/fit is context-free;not DJ-validated — output is a candidate estimate, not ground truth;conflicting descriptors — interpretation is unstable;tempo gap is above easy-blend range — keep the overlap disciplined",,,,
85d8116989ea2f32__76609e489f01f9de,,O_Flynn - Srekye (Extended Mix),Rohaan - Got No _3 (Original Mix),85d8116989ea2f32,76609e489f01f9de,data/raw/O_Flynn - Srekye (Extended Mix).mp3,data/raw/Rohaan - Got No _3 (Original Mix).mp3,review_required,review_only,0.5983,0.69,phrase_aligned_blend,contour_blend,Auto mode selects contour blend because vocal or mid exposure 0.42 favors a shaped overlap.,short_blend;echo_out,True,pass,review,medium,direct,unknown,,0.418,0.4168,85d8116989ea2f32_tw1,bridge,2:02-2:18,76609e489f01f9de_tw1,bridge,1:31-1:47,2:02-2:18,1:31-1:47,1.7188,club_closing;club_opening;club_peak;festival_daytime,harmonic risk 0.65 needs masking or careful transition timing;shared rules require manual review,moderate bass conflict (0.42);harmonic risk 0.65 — unknown key move;harmonic risk 0.65 needs masking or careful transition timing,"style fit unavailable (missing style labels) — neutral;low key confidence — verify key before trusting harmonic result;context fit unavailable (no context profile) — neutral;no context profile — role/fit is context-free;not DJ-validated — output is a candidate estimate, not ground truth;conflicting descriptors — interpretation is unstable;tempo gap is above easy-blend range — keep the overlap disciplined",,,,
85d8116989ea2f32__79d93a2a256d0920,,O_Flynn - Srekye (Extended Mix),Bodhi - Thirst (Original Mix),85d8116989ea2f32,79d93a2a256d0920,data/raw/O_Flynn - Srekye (Extended Mix).mp3,data/raw/Bodhi - Thirst (Original Mix).mp3,review_required,review_only,0.6838,0.69,short_blend,contour_blend,Auto mode selects contour blend because vocal or mid exposure 0.35 favors a shaped overlap.,phrase_aligned_blend;standard_blend,True,pass,review,high,direct,unknown,,0.4016,0.3472,85d8116989ea2f32_tw1,bridge,2:02-2:18,79d93a2a256d0920_tw1,mix_in,0:59-1:15,2:02-2:18,0:59-1:15,2.0765,club_opening;club_peak;festival_daytime,harmonic risk 0.64 needs masking or careful transition timing;shared rules require manual review,moderate bass conflict (0.40);harmonic risk 0.64 — unknown key move;harmonic risk 0.64 needs masking or careful transition timing,"style fit unavailable (missing style labels) — neutral;low key confidence — verify key before trusting harmonic result;context fit unavailable (no context profile) — neutral;no context profile — role/fit is context-free;not DJ-validated — output is a candidate estimate, not ground truth;conflicting descriptors — interpretation is unstable",,,,
85d8116989ea2f32__a749c305f32f7d51,,O_Flynn - Srekye (Extended Mix),AIROD - Rave Cycle (Original Mix),85d8116989ea2f32,a749c305f32f7d51,data/raw/O_Flynn - Srekye (Extended Mix).mp3,data/raw/AIROD - Rave Cycle (Original Mix).mp3,review_required,review_only,0.6943,0.69,short_blend,tops_swap,Auto mode selects tops swap because short blend prefers a tighter upper-band handoff.,phrase_aligned_blend;standard_blend,True,pass,review,high,direct,unknown,,0.418,0.0959,85d8116989ea2f32_tw1,bridge,2:02-2:18,a749c305f32f7d51_tw1,mix_in,0:00-0:09,2:02-2:18,0:00-0:09,2.1663,club_closing;club_opening;club_peak;festival_daytime,harmonic risk 0.58 needs masking or careful transition timing;shared rules require manual review,moderate bass conflict (0.42);harmonic risk 0.58 — unknown key move;harmonic risk 0.58 needs masking or careful transition timing,"style fit unavailable (missing style labels) — neutral;low key confidence — verify key before trusting harmonic result;context fit unavailable (no context profile) — neutral;no context profile — role/fit is context-free;not DJ-validated — output is a candidate estimate, not ground truth;conflicting descriptors — interpretation is unstable",,,,
85d8116989ea2f32__aaecfee7674ae3ed,,O_Flynn - Srekye (Extended Mix),"TSVI, Josi Devil - M.e.S (feat. TSVI) (feat. TSVI)",85d8116989ea2f32,aaecfee7674ae3ed,data/raw/O_Flynn - Srekye (Extended Mix).mp3,"data/raw/TSVI, Josi Devil - M.e.S (feat. TSVI) (feat. TSVI).mp3",non_standard_strategy_required,review_only,0.6422,0.69,tempo_ramp,plain_blend,Auto mode falls back to plain blend because the engine prefers tempo ramp over a standard overlap.,echo_out;break_transition;hard_cut,False,strategy_dependent,review,medium,direct,unknown,,0.418,0.1082,85d8116989ea2f32_tw1,bridge,2:02-2:18,aaecfee7674ae3ed_tw1,mix_in,0:33-0:49,2:02-2:18,0:33-0:49,2.2064,club_closing;club_opening;club_peak;festival_daytime,effective BPM gap 8.3% needs a non-standard tempo strategy;harmonic risk 0.58 needs masking or careful transition timing;shared rules require manual review,moderate bass conflict (0.42);harmonic risk 0.58 — unknown key move;effective BPM gap 8.3% needs a non-standard tempo strategy;harmonic risk 0.58 needs masking or careful transition timing;tempo relation requires a non-standard transition strategy,"style fit unavailable (missing style labels) — neutral;low key confidence — verify key before trusting harmonic result;context fit unavailable (no context profile) — neutral;no context profile — role/fit is context-free;not DJ-validated — output is a candidate estimate, not ground truth;conflicting descriptors — interpretation is unstable;standard blend is risky at this BPM gap — non-standard strategy preferred; shared rules suggest a non-standard exit",,,,
85d8116989ea2f32__b2d3c5c17b5e26ac,,O_Flynn - Srekye (Extended Mix),Bodhi - 433Mhz (Original Mix),85d8116989ea2f32,b2d3c5c17b5e26ac,data/raw/O_Flynn - Srekye (Extended Mix).mp3,data/raw/Bodhi - 433Mhz (Original Mix).mp3,review_required,review_only,0.6605,0.69,short_blend,contour_blend,Auto mode selects contour blend because vocal or mid exposure 0.37 favors a shaped overlap.,phrase_aligned_blend;standard_blend,True,pass,review,high,direct,unknown,,0.418,0.3695,85d8116989ea2f32_tw1,bridge,2:02-2:18,b2d3c5c17b5e26ac_tw2,mix_in,0:49-1:05,2:02-2:18,0:49-1:05,1.881,club_opening;festival_daytime,harmonic risk 0.64 needs masking or careful transition timing;shared rules require manual review,moderate bass conflict (0.42);harmonic risk 0.64 — unknown key move;harmonic risk 0.64 needs masking or careful transition timing,"style fit unavailable (missing style labels) — neutral;low key confidence — verify key before trusting harmonic result;context fit unavailable (no context profile) — neutral;no context profile — role/fit is context-free;not DJ-validated — output is a candidate estimate, not ground truth;conflicting descriptors — interpretation is unstable",,,,
85d8116989ea2f32__deb940c4a6052fed,,O_Flynn - Srekye (Extended Mix),Jorg Kuning - Mercedes (Original Mix),85d8116989ea2f32,deb940c4a6052fed,data/raw/O_Flynn - Srekye (Extended Mix).mp3,data/raw/Jorg Kuning - Mercedes (Original Mix).mp3,review_required,review_only,0.685,0.69,standard_blend,contour_blend,Auto mode selects contour blend because vocal or mid exposure 0.26 favors a shaped overlap.,phrase_aligned_blend;short_blend,True,pass,review,high,direct,unknown,,0.418,0.2641,85d8116989ea2f32_tw1,bridge,2:02-2:18,deb940c4a6052fed_tw1,mix_in,0:03-0:19,2:02-2:18,0:03-0:19,2.0729,club_opening;festival_daytime,harmonic risk 0.62 needs masking or careful transition timing;shared rules require manual review,moderate bass conflict (0.42);harmonic risk 0.62 — unknown key move;harmonic risk 0.62 needs masking or careful transition timing,"style fit unavailable (missing style labels) — neutral;low key confidence — verify key before trusting harmonic result;context fit unavailable (no context profile) — neutral;no context profile — role/fit is context-free;not DJ-validated — output is a candidate estimate, not ground truth;conflicting descriptors — interpretation is unstable",,,,
85d8116989ea2f32__e3b089eb3589fe94,,O_Flynn - Srekye (Extended Mix),Muskila - YARAO (Original Mix),85d8116989ea2f32,e3b089eb3589fe94,data/raw/O_Flynn - Srekye (Extended Mix).mp3,data/raw/Muskila - YARAO (Original Mix).mp3,review_required,review_only,0.6791,0.69,short_blend,tops_swap,Auto mode selects tops swap because short blend prefers a tighter upper-band handoff.,phrase_aligned_blend;standard_blend,True,pass,review,high,direct,unknown,,0.418,0.1605,85d8116989ea2f32_tw1,bridge,2:02-2:18,e3b089eb3589fe94_tw2,mix_in,0:00-0:16,2:02-2:18,0:00-0:16,2.0558,club_opening;festival_daytime,harmonic risk 0.59 needs masking or careful transition timing;shared rules require manual review,moderate bass conflict (0.42);harmonic risk 0.59 — unknown key move;harmonic risk 0.59 needs masking or careful transition timing,"style fit unavailable (missing style labels) — neutral;low key confidence — verify key before trusting harmonic result;context fit unavailable (no context profile) — neutral;no context profile — role/fit is context-free;not DJ-validated — output is a candidate estimate, not ground truth;conflicting descriptors — interpretation is unstable",,,,
85d8116989ea2f32__ecf64aa98ccd4467,,O_Flynn - Srekye (Extended Mix),Bicep - CHROMA 004 ROLA (Original Mix),85d8116989ea2f32,ecf64aa98ccd4467,data/raw/O_Flynn - Srekye (Extended Mix).mp3,data/raw/Bicep - CHROMA 004 ROLA (Original Mix).mp3,reject_standard_blend,suppress,0.5251,0.62,reset,plain_blend,Auto mode falls back to plain blend because the engine prefers reset over a standard overlap.,echo_out;hard_cut,False,fail,review,low,direct,unknown,,0.418,0.2477,85d8116989ea2f32_tw1,bridge,2:02-2:18,ecf64aa98ccd4467_tw2,mix_in,0:00-0:09,2:02-2:18,0:00-0:09,1.9338,club_opening;festival_daytime,extreme BPM jump 29.1% breaches the shared hard limit;harmonic risk 0.61 needs masking or careful transition timing;shared hard block triggered recommendation suppression,moderate bass conflict (0.42);harmonic risk 0.61 — unknown key move;extreme BPM jump 29.1% breaches the shared hard limit;harmonic risk 0.61 needs masking or careful transition timing;tempo gate failed — reject standard blend;shared pair rules triggered a hard block for standard blending,"style fit unavailable (missing style labels) — neutral;low key confidence — verify key before trusting harmonic result;context fit unavailable (no context profile) — neutral;no context profile — role/fit is context-free;not DJ-validated — output is a candidate estimate, not ground truth;conflicting descriptors — interpretation is unstable;extreme BPM jump — reject standard blend; shared rules suggest a non-standard exit",,,,
85d8116989ea2f32__fea8b371ffd2adc5,,O_Flynn - Srekye (Extended Mix),Povoa - Hacked Lime (Original Mix),85d8116989ea2f32,fea8b371ffd2adc5,data/raw/O_Flynn - Srekye (Extended Mix).mp3,data/raw/Povoa - Hacked Lime (Original Mix).mp3,review_required,review_only,0.676,0.69,short_blend,contour_blend,Auto mode selects contour blend because vocal or mid exposure 0.24 favors a shaped overlap.,phrase_aligned_blend;standard_blend,True,pass,review,high,direct,unknown,,0.418,0.2431,85d8116989ea2f32_tw1,bridge,2:02-2:18,fea8b371ffd2adc5_tw2,mix_in,0:08-0:24,2:02-2:18,0:08-0:24,1.9553,club_opening;club_peak;festival_daytime,harmonic risk 0.61 needs masking or careful transition timing;shared rules require manual review,moderate bass conflict (0.42);harmonic risk 0.61 — unknown key move;harmonic risk 0.61 needs masking or careful transition timing,"style fit unavailable (missing style labels) — neutral;low key confidence — verify key before trusting harmonic result;context fit unavailable (no context profile) — neutral;no context profile — role/fit is context-free;not DJ-validated — output is a candidate estimate, not ground truth;conflicting descriptors — interpretation is unstable",,,,
a749c305f32f7d51__06987e170b8722e1,,AIROD - Rave Cycle (Original Mix),BRUX (AUS) - Pull The Trigger (Original Mix),a749c305f32f7d51,06987e170b8722e1,data/raw/AIROD - Rave Cycle (Original Mix).mp3,data/raw/BRUX (AUS) - Pull The Trigger (Original Mix).mp3,non_standard_strategy_required,review_only,0.6394,0.69,tempo_ramp,plain_blend,Auto mode falls back to plain blend because the engine prefers tempo ramp over a standard overlap.,echo_out;break_transition;hard_cut,False,strategy_dependent,review,medium,direct,unknown,,0.509,0.0959,a749c305f32f7d51_tw2,mix_out,5:11-5:27,06987e170b8722e1_tw2,mix_in,0:00-0:13,5:11-5:27,0:00-0:13,1.764,club_opening;festival_daytime,effective BPM gap 8.1% needs a non-standard tempo strategy;harmonic risk 0.56 needs masking or careful transition timing;shared rules require manual review,moderate bass conflict (0.51);harmonic risk 0.56 — unknown key move;effective BPM gap 8.1% needs a non-standard tempo strategy;harmonic risk 0.56 needs masking or careful transition timing;tempo relation requires a non-standard transition strategy,"style fit unavailable (missing style labels) — neutral;low key confidence — verify key before trusting harmonic result;context fit unavailable (no context profile) — neutral;no context profile — role/fit is context-free;not DJ-validated — output is a candidate estimate, not ground truth;conflicting descriptors — interpretation is unstable;standard blend is risky at this BPM gap — non-standard strategy preferred; shared rules suggest a non-standard exit",,,,
a749c305f32f7d51__0b6db038bbd47b93,,AIROD - Rave Cycle (Original Mix),"Fold, cu.rve - Business (Original Mix)",a749c305f32f7d51,0b6db038bbd47b93,data/raw/AIROD - Rave Cycle (Original Mix).mp3,"data/raw/Fold, cu.rve - Business (Original Mix).mp3",non_standard_strategy_required,review_only,0.6206,0.69,tempo_ramp,plain_blend,Auto mode falls back to plain blend because the engine prefers tempo ramp over a standard overlap.,echo_out;break_transition;hard_cut,False,strategy_dependent,review,medium,direct,unknown,,0.4893,0.0959,a749c305f32f7d51_tw2,mix_out,5:11-5:27,0b6db038bbd47b93_tw3,mix_in,0:17-0:33,5:11-5:27,0:17-0:33,1.6191,club_opening;festival_daytime,effective BPM gap 8.1% needs a non-standard tempo strategy;harmonic risk 0.56 needs masking or careful transition timing;shared rules require manual review,moderate bass conflict (0.49);harmonic risk 0.56 — unknown key move;effective BPM gap 8.1% needs a non-standard tempo strategy;harmonic risk 0.56 needs masking or careful transition timing;tempo relation requires a non-standard transition strategy,"style fit unavailable (missing style labels) — neutral;low key confidence — verify key before trusting harmonic result;context fit unavailable (no context profile) — neutral;no context profile — role/fit is context-free;not DJ-validated — output is a candidate estimate, not ground truth;conflicting descriptors — interpretation is unstable;standard blend is risky at this BPM gap — non-standard strategy preferred; shared rules suggest a non-standard exit",,,,
a749c305f32f7d51__0d74f481c29d23c7,,AIROD - Rave Cycle (Original Mix),Butch - Schlecker (Original Mix),a749c305f32f7d51,0d74f481c29d23c7,data/raw/AIROD - Rave Cycle (Original Mix).mp3,data/raw/Butch - Schlecker (Original Mix).mp3,review_required,review_only,0.7124,0.69,short_blend,tops_swap,Auto mode selects tops swap because short blend prefers a tighter upper-band handoff.,phrase_aligned_blend;standard_blend,True,pass,review,high,direct,unknown,,0.398,0.0959,a749c305f32f7d51_tw2,mix_out,5:11-5:27,0d74f481c29d23c7_tw1,mix_out,6:12-6:22,5:11-5:27,6:12-6:22,1.9675,club_closing;club_opening;club_peak;festival_daytime,harmonic risk 0.56 needs masking or careful transition timing;shared rules require manual review,harmonic risk 0.56 — unknown key move;harmonic risk 0.56 needs masking or careful transition timing,"style fit unavailable (missing style labels) — neutral;low key confidence — verify key before trusting harmonic result;context fit unavailable (no context profile) — neutral;no context profile — role/fit is context-free;not DJ-validated — output is a candidate estimate, not ground truth;conflicting descriptors — interpretation is unstable",,,,
a749c305f32f7d51__4056c8ee53cfb090,,AIROD - Rave Cycle (Original Mix),"Oscar Farrell, Mount XLR - Mod Break (Original Mix)",a749c305f32f7d51,4056c8ee53cfb090,data/raw/AIROD - Rave Cycle (Original Mix).mp3,"data/raw/Oscar Farrell, Mount XLR - Mod Break (Original Mix).mp3",review_required,review_only,0.7142,0.69,short_blend,bass_swap,Auto mode selects bass swap because bass conflict risk 0.49 favors a deliberate low-end handoff.,phrase_aligned_blend;standard_blend,True,pass,review,high,direct,unknown,,0.4923,0.0959,a749c305f32f7d51_tw2,mix_out,5:11-5:27,4056c8ee53cfb090_tw1,mix_in,1:20-1:36,5:11-5:27,1:20-1:36,2.0801,club_closing;club_opening;club_peak;festival_daytime,harmonic risk 0.54 needs masking or careful transition timing;shared rules require manual review,moderate bass conflict (0.49);harmonic risk 0.54 — unknown key move;harmonic risk 0.54 needs masking or careful transition timing,"style fit unavailable (missing style labels) — neutral;low key confidence — verify key before trusting harmonic result;context fit unavailable (no context profile) — neutral;no context profile — role/fit is context-free;not DJ-validated — output is a candidate estimate, not ground truth;conflicting descriptors — interpretation is unstable",,,,
a749c305f32f7d51__48c18f8c79fc588e,,AIROD - Rave Cycle (Original Mix),"Mala, Magugu - Militant Don (Vocal)",a749c305f32f7d51,48c18f8c79fc588e,data/raw/AIROD - Rave Cycle (Original Mix).mp3,"data/raw/Mala, Magugu - Militant Don (Vocal).mp3",non_standard_strategy_required,review_only,0.6294,0.69,tempo_ramp,plain_blend,Auto mode falls back to plain blend because the engine prefers tempo ramp over a standard overlap.,echo_out;break_transition;hard_cut,False,strategy_dependent,review,medium,direct,unknown,,0.5185,0.0959,a749c305f32f7d51_tw2,mix_out,5:11-5:27,48c18f8c79fc588e_tw1,mix_in,0:16-0:32,5:11-5:27,0:16-0:32,1.8161,club_opening;festival_daytime,effective BPM gap 8.1% needs a non-standard tempo strategy;harmonic risk 0.54 needs masking or careful transition timing;shared rules require manual review,moderate bass conflict (0.52);harmonic risk 0.54 — unknown key move;effective BPM gap 8.1% needs a non-standard tempo strategy;harmonic risk 0.54 needs masking or careful transition timing;tempo relation requires a non-standard transition strategy,"style fit unavailable (missing style labels) — neutral;low key confidence — verify key before trusting harmonic result;context fit unavailable (no context profile) — neutral;no context profile — role/fit is context-free;not DJ-validated — output is a candidate estimate, not ground truth;conflicting descriptors — interpretation is unstable;standard blend is risky at this BPM gap — non-standard strategy preferred; shared rules suggest a non-standard exit",,,,
a749c305f32f7d51__76609e489f01f9de,,AIROD - Rave Cycle (Original Mix),Rohaan - Got No _3 (Original Mix),a749c305f32f7d51,76609e489f01f9de,data/raw/AIROD - Rave Cycle (Original Mix).mp3,data/raw/Rohaan - Got No _3 (Original Mix).mp3,non_standard_strategy_required,review_only,0.6329,0.69,tempo_ramp,plain_blend,Auto mode falls back to plain blend because the engine prefers tempo ramp over a standard overlap.,echo_out;break_transition;hard_cut,False,strategy_dependent,review,medium,direct,unknown,,0.4604,0.0959,a749c305f32f7d51_tw2,mix_out,5:11-5:27,76609e489f01f9de_tw1,bridge,1:31-1:47,5:11-5:27,1:31-1:47,1.6641,club_closing;club_opening;club_peak;festival_daytime,effective BPM gap 8.1% needs a non-standard tempo strategy;harmonic risk 0.58 needs masking or careful transition timing;shared rules require manual review,moderate bass conflict (0.46);harmonic risk 0.58 — unknown key move;effective BPM gap 8.1% needs a non-standard tempo strategy;harmonic risk 0.58 needs masking or careful transition timing;tempo relation requires a non-standard transition strategy,"style fit unavailable (missing style labels) — neutral;low key confidence — verify key before trusting harmonic result;context fit unavailable (no context profile) — neutral;no context profile — role/fit is context-free;not DJ-validated — output is a candidate estimate, not ground truth;conflicting descriptors — interpretation is unstable;standard blend is risky at this BPM gap — non-standard strategy preferred; shared rules suggest a non-standard exit",,,,
a749c305f32f7d51__79d93a2a256d0920,,AIROD - Rave Cycle (Original Mix),Bodhi - Thirst (Original Mix),a749c305f32f7d51,79d93a2a256d0920,data/raw/AIROD - Rave Cycle (Original Mix).mp3,data/raw/Bodhi - Thirst (Original Mix).mp3,review_required,review_only,0.6527,0.69,phrase_aligned_blend,tops_swap,Auto mode selects tops swap because phrase aligned blend prefers a tighter upper-band handoff.,short_blend;echo_out,True,pass,review,medium,direct,unknown,,0.4016,0.0959,a749c305f32f7d51_tw2,mix_out,5:11-5:27,79d93a2a256d0920_tw1,mix_in,0:59-1:15,5:11-5:27,0:59-1:15,1.9659,club_opening;club_peak;festival_daytime,harmonic risk 0.56 needs masking or careful transition timing;shared rules require manual review,moderate bass conflict (0.40);harmonic risk 0.56 — unknown key move;harmonic risk 0.56 needs masking or careful transition timing,"style fit unavailable (missing style labels) — neutral;low key confidence — verify key before trusting harmonic result;context fit unavailable (no context profile) — neutral;no context profile — role/fit is context-free;not DJ-validated — output is a candidate estimate, not ground truth;conflicting descriptors — interpretation is unstable;tempo gap is above easy-blend range — keep the overlap disciplined",,,,
a749c305f32f7d51__85d8116989ea2f32,,AIROD - Rave Cycle (Original Mix),O_Flynn - Srekye (Extended Mix),a749c305f32f7d51,85d8116989ea2f32,data/raw/AIROD - Rave Cycle (Original Mix).mp3,data/raw/O_Flynn - Srekye (Extended Mix).mp3,review_required,review_only,0.6794,0.69,short_blend,tops_swap,Auto mode selects tops swap because short blend prefers a tighter upper-band handoff.,phrase_aligned_blend;standard_blend,True,pass,review,high,direct,unknown,,0.418,0.0959,a749c305f32f7d51_tw2,mix_out,5:11-5:27,85d8116989ea2f32_tw2,mix_in,0:08-0:24,5:11-5:27,0:08-0:24,1.8699,club_closing;club_opening;club_peak;festival_daytime,harmonic risk 0.58 needs masking or careful transition timing;shared rules require manual review,moderate bass conflict (0.42);harmonic risk 0.58 — unknown key move;harmonic risk 0.58 needs masking or careful transition timing,"style fit unavailable (missing style labels) — neutral;low key confidence — verify key before trusting harmonic result;context fit unavailable (no context profile) — neutral;no context profile — role/fit is context-free;not DJ-validated — output is a candidate estimate, not ground truth;conflicting descriptors — interpretation is unstable",,,,
a749c305f32f7d51__aaecfee7674ae3ed,,AIROD - Rave Cycle (Original Mix),"TSVI, Josi Devil - M.e.S (feat. TSVI) (feat. TSVI)",a749c305f32f7d51,aaecfee7674ae3ed,data/raw/AIROD - Rave Cycle (Original Mix).mp3,"data/raw/TSVI, Josi Devil - M.e.S (feat. TSVI) (feat. TSVI).mp3",non_standard_strategy_required,review_only,0.5796,0.69,echo_out,plain_blend,Auto mode falls back to plain blend because the engine prefers echo out over a standard overlap.,hard_cut;reset,False,strategy_dependent,pass,low,direct,unknown,,0.651,0.0959,a749c305f32f7d51_tw2,mix_out,5:11-5:27,aaecfee7674ae3ed_tw1,mix_in,0:33-0:49,5:11-5:27,0:33-0:49,2.0696,club_closing;club_opening;club_peak;festival_daytime,large BPM jump 11.1% rejects a standard blend;bass conflict risk 0.65 is elevated;shared rules require manual review,high bass conflict (0.65) — both tracks bass-heavy;large BPM jump 11.1% rejects a standard blend;bass conflict risk 0.65 is elevated;tempo relation requires a non-standard transition strategy,"style fit unavailable (missing style labels) — neutral;low key confidence — verify key before trusting harmonic result;context fit unavailable (no context profile) — neutral;no context profile — role/fit is context-free;not DJ-validated — output is a candidate estimate, not ground truth;conflicting descriptors — interpretation is unstable;large BPM jump — treat as a transition move, not a standard blend; shared rules suggest a non-standard exit",,,,
a749c305f32f7d51__b2d3c5c17b5e26ac,,AIROD - Rave Cycle (Original Mix),Bodhi - 433Mhz (Original Mix),a749c305f32f7d51,b2d3c5c17b5e26ac,data/raw/AIROD - Rave Cycle (Original Mix).mp3,data/raw/Bodhi - 433Mhz (Original Mix).mp3,review_required,review_only,0.6431,0.69,phrase_aligned_blend,tops_swap,Auto mode selects tops swap because phrase aligned blend prefers a tighter upper-band handoff.,short_blend;echo_out,True,pass,review,medium,direct,unknown,,0.4354,0.0959,a749c305f32f7d51_tw2,mix_out,5:11-5:27,b2d3c5c17b5e26ac_tw2,mix_in,0:49-1:05,5:11-5:27,0:49-1:05,1.7966,club_opening;festival_daytime,harmonic risk 0.56 needs masking or careful transition timing;shared rules require manual review,moderate bass conflict (0.44);harmonic risk 0.56 — unknown key move;harmonic risk 0.56 needs masking or careful transition timing,"style fit unavailable (missing style labels) — neutral;low key confidence — verify key before trusting harmonic result;context fit unavailable (no context profile) — neutral;no context profile — role/fit is context-free;not DJ-validated — output is a candidate estimate, not ground truth;conflicting descriptors — interpretation is unstable;tempo gap is above easy-blend range — keep the overlap disciplined",,,,
a749c305f32f7d51__deb940c4a6052fed,,AIROD - Rave Cycle (Original Mix),Jorg Kuning - Mercedes (Original Mix),a749c305f32f7d51,deb940c4a6052fed,data/raw/AIROD - Rave Cycle (Original Mix).mp3,data/raw/Jorg Kuning - Mercedes (Original Mix).mp3,review_required,review_only,0.6934,0.69,short_blend,bass_swap,Auto mode selects bass swap because bass conflict risk 0.61 favors a deliberate low-end handoff.,phrase_aligned_blend;standard_blend,True,pass,review,high,direct,unknown,,0.6139,0.0959,a749c305f32f7d51_tw2,mix_out,5:11-5:27,deb940c4a6052fed_tw1,mix_in,0:03-0:19,5:11-5:27,0:03-0:19,1.9824,club_opening;festival_daytime,harmonic risk 0.54 needs masking or careful transition timing;bass conflict risk 0.61 is elevated;shared rules require manual review,high bass conflict (0.61) — both tracks bass-heavy;harmonic risk 0.54 — unknown key move;harmonic risk 0.54 needs masking or careful transition timing;bass conflict risk 0.61 is elevated,"style fit unavailable (missing style labels) — neutral;low key confidence — verify key before trusting harmonic result;context fit unavailable (no context profile) — neutral;no context profile — role/fit is context-free;not DJ-validated — output is a candidate estimate, not ground truth;conflicting descriptors — interpretation is unstable",,,,
a749c305f32f7d51__e3b089eb3589fe94,,AIROD - Rave Cycle (Original Mix),Muskila - YARAO (Original Mix),a749c305f32f7d51,e3b089eb3589fe94,data/raw/AIROD - Rave Cycle (Original Mix).mp3,data/raw/Muskila - YARAO (Original Mix).mp3,review_required,review_only,0.638,0.69,phrase_aligned_blend,bass_swap,Auto mode selects bass swap because bass conflict risk 0.70 favors a deliberate low-end handoff.,short_blend;echo_out,True,pass,review,medium,direct,unknown,,0.7027,0.0959,a749c305f32f7d51_tw2,mix_out,5:11-5:27,e3b089eb3589fe94_tw2,mix_in,0:00-0:16,5:11-5:27,0:00-0:16,1.9486,club_opening;festival_daytime,harmonic risk 0.51 needs masking or careful transition timing;bass conflict risk 0.70 is elevated;shared rules require manual review,high bass conflict (0.70) — both tracks bass-heavy;harmonic risk 0.51 — unknown key move;harmonic risk 0.51 needs masking or careful transition timing;bass conflict risk 0.70 is elevated,"style fit unavailable (missing style labels) — neutral;low key confidence — verify key before trusting harmonic result;context fit unavailable (no context profile) — neutral;no context profile — role/fit is context-free;not DJ-validated — output is a candidate estimate, not ground truth;conflicting descriptors — interpretation is unstable;tempo gap is above easy-blend range — keep the overlap disciplined",,,,
a749c305f32f7d51__ecf64aa98ccd4467,,AIROD - Rave Cycle (Original Mix),Bicep - CHROMA 004 ROLA (Original Mix),a749c305f32f7d51,ecf64aa98ccd4467,data/raw/AIROD - Rave Cycle (Original Mix).mp3,data/raw/Bicep - CHROMA 004 ROLA (Original Mix).mp3,reject_standard_blend,suppress,0.5514,0.62,hard_cut,plain_blend,Auto mode falls back to plain blend because the engine prefers hard cut over a standard overlap.,echo_out,False,fail,review,low,direct,unknown,,0.5903,0.0959,a749c305f32f7d51_tw2,mix_out,5:11-5:27,ecf64aa98ccd4467_tw2,mix_in,0:00-0:09,5:11-5:27,0:00-0:09,1.8774,club_opening;festival_daytime,extreme BPM jump 27.3% breaches the shared hard limit;harmonic risk 0.53 needs masking or careful transition timing;bass conflict risk 0.59 is elevated;shared hard block triggered recommendation suppression,moderate bass conflict (0.59);harmonic risk 0.53 — unknown key move;extreme BPM jump 27.3% breaches the shared hard limit;harmonic risk 0.53 needs masking or careful transition timing;bass conflict risk 0.59 is elevated;tempo gate failed — reject standard blend;shared pair rules triggered a hard block for standard blending,"style fit unavailable (missing style labels) — neutral;low key confidence — verify key before trusting harmonic result;context fit unavailable (no context profile) — neutral;no context profile — role/fit is context-free;not DJ-validated — output is a candidate estimate, not ground truth;conflicting descriptors — interpretation is unstable;extreme BPM jump — reject standard blend; shared rules suggest a non-standard exit",,,,
a749c305f32f7d51__fea8b371ffd2adc5,,AIROD - Rave Cycle (Original Mix),Povoa - Hacked Lime (Original Mix),a749c305f32f7d51,fea8b371ffd2adc5,data/raw/AIROD - Rave Cycle (Original Mix).mp3,data/raw/Povoa - Hacked Lime (Original Mix).mp3,review_required,review_only,0.726,0.69,standard_blend,bass_swap,Auto mode selects bass swap because bass conflict risk 0.48 favors a deliberate low-end handoff.,phrase_aligned_blend;short_blend,True,pass,review,high,direct,unknown,,0.4808,0.0959,a749c305f32f7d51_tw2,mix_out,5:11-5:27,fea8b371ffd2adc5_tw2,mix_in,0:08-0:24,5:11-5:27,0:08-0:24,1.9393,club_opening;club_peak;festival_daytime,harmonic risk 0.53 needs masking or careful transition timing;shared rules require manual review,moderate bass conflict (0.48);harmonic risk 0.53 — unknown key move;harmonic risk 0.53 needs masking or careful transition timing,"style fit unavailable (missing style labels) — neutral;low key confidence — verify key before trusting harmonic result;context fit unavailable (no context profile) — neutral;no context profile — role/fit is context-free;not DJ-validated — output is a candidate estimate, not ground truth;conflicting descriptors — interpretation is unstable",,,,
aaecfee7674ae3ed__06987e170b8722e1,,"TSVI, Josi Devil - M.e.S (feat. TSVI) (feat. TSVI)",BRUX (AUS) - Pull The Trigger (Original Mix),aaecfee7674ae3ed,06987e170b8722e1,"data/raw/TSVI, Josi Devil - M.e.S (feat. TSVI) (feat. TSVI).mp3",data/raw/BRUX (AUS) - Pull The Trigger (Original Mix).mp3,review_required,review_only,0.707,0.69,short_blend,bass_swap,Auto mode selects bass swap because bass conflict risk 0.51 favors a deliberate low-end handoff.,phrase_aligned_blend;standard_blend,True,pass,review,high,direct,unknown,,0.509,0.1082,aaecfee7674ae3ed_tw1,mix_in,0:33-0:49,06987e170b8722e1_tw2,mix_in,0:00-0:13,0:33-0:49,0:00-0:13,1.9658,club_opening;festival_daytime,harmonic risk 0.54 needs masking or careful transition timing;shared rules require manual review,moderate bass conflict (0.51);harmonic risk 0.54 — unknown key move;harmonic risk 0.54 needs masking or careful transition timing,"style fit unavailable (missing style labels) — neutral;low key confidence — verify key before trusting harmonic result;context fit unavailable (no context profile) — neutral;no context profile — role/fit is context-free;not DJ-validated — output is a candidate estimate, not ground truth;conflicting descriptors — interpretation is unstable",,,,
aaecfee7674ae3ed__0b6db038bbd47b93,,"TSVI, Josi Devil - M.e.S (feat. TSVI) (feat. TSVI)","Fold, cu.rve - Business (Original Mix)",aaecfee7674ae3ed,0b6db038bbd47b93,"data/raw/TSVI, Josi Devil - M.e.S (feat. TSVI) (feat. TSVI).mp3","data/raw/Fold, cu.rve - Business (Original Mix).mp3",review_required,review_only,0.6754,0.69,short_blend,bass_swap,Auto mode selects bass swap because bass conflict risk 0.49 favors a deliberate low-end handoff.,phrase_aligned_blend;standard_blend,True,pass,review,high,direct,risky,,0.4893,0.1082,aaecfee7674ae3ed_tw1,mix_in,0:33-0:49,0b6db038bbd47b93_tw3,mix_in,0:17-0:33,0:33-0:49,0:17-0:33,1.8059,club_opening;festival_daytime,harmonic risk 0.74 needs masking or careful transition timing;shared rules require manual review,moderate bass conflict (0.49);harmonic risk 0.74 — risky key move;harmonic risk 0.74 needs masking or careful transition timing,"style fit unavailable (missing style labels) — neutral;risky key relation, but low harmonic exposure may mask it;context fit unavailable (no context profile) — neutral;no context profile — role/fit is context-free;not DJ-validated — output is a candidate estimate, not ground truth;conflicting descriptors — interpretation is unstable",,,,
aaecfee7674ae3ed__0d74f481c29d23c7,,"TSVI, Josi Devil - M.e.S (feat. TSVI) (feat. TSVI)",Butch - Schlecker (Original Mix),aaecfee7674ae3ed,0d74f481c29d23c7,"data/raw/TSVI, Josi Devil - M.e.S (feat. TSVI) (feat. TSVI).mp3",data/raw/Butch - Schlecker (Original Mix).mp3,non_standard_strategy_required,review_only,0.5892,0.69,echo_out,plain_blend,Auto mode falls back to plain blend because the engine prefers echo out over a standard overlap.,hard_cut;reset,False,strategy_dependent,review,low,direct,risky,,0.398,0.1082,aaecfee7674ae3ed_tw1,mix_in,0:33-0:49,0d74f481c29d23c7_tw1,mix_out,6:12-6:22,0:33-0:49,6:12-6:22,2.0311,club_closing;club_opening;club_peak;festival_daytime,large BPM jump 12.2% rejects a standard blend;harmonic risk 0.75 needs masking or careful transition timing;shared rules require manual review,harmonic risk 0.75 — risky key move;large BPM jump 12.2% rejects a standard blend;harmonic risk 0.75 needs masking or careful transition timing;tempo relation requires a non-standard transition strategy,"style fit unavailable (missing style labels) — neutral;risky key relation, but low harmonic exposure may mask it;context fit unavailable (no context profile) — neutral;no context profile — role/fit is context-free;not DJ-validated — output is a candidate estimate, not ground truth;conflicting descriptors — interpretation is unstable;large BPM jump — treat as a transition move, not a standard blend; shared rules suggest a non-standard exit",,,,
aaecfee7674ae3ed__4056c8ee53cfb090,,"TSVI, Josi Devil - M.e.S (feat. TSVI) (feat. TSVI)","Oscar Farrell, Mount XLR - Mod Break (Original Mix)",aaecfee7674ae3ed,4056c8ee53cfb090,"data/raw/TSVI, Josi Devil - M.e.S (feat. TSVI) (feat. TSVI).mp3","data/raw/Oscar Farrell, Mount XLR - Mod Break (Original Mix).mp3",non_standard_strategy_required,review_only,0.6717,0.69,tempo_ramp,plain_blend,Auto mode falls back to plain blend because the engine prefers tempo ramp over a standard overlap.,echo_out;break_transition;hard_cut,False,strategy_dependent,pass,medium,direct,relative_major_minor,,0.4923,0.1082,aaecfee7674ae3ed_tw1,mix_in,0:33-0:49,4056c8ee53cfb090_tw1,mix_in,1:20-1:36,0:33-0:49,1:20-1:36,2.1959,club_closing;club_opening;club_peak;festival_daytime,effective BPM gap 7.7% needs a non-standard tempo strategy;shared rules require manual review,moderate bass conflict (0.49);effective BPM gap 7.7% needs a non-standard tempo strategy;tempo relation requires a non-standard transition strategy,"style fit unavailable (missing style labels) — neutral;low key confidence — verify key before trusting harmonic result;context fit unavailable (no context profile) — neutral;no context profile — role/fit is context-free;not DJ-validated — output is a candidate estimate, not ground truth;conflicting descriptors — interpretation is unstable;standard blend is risky at this BPM gap — non-standard strategy preferred; shared rules suggest a non-standard exit",,,,
aaecfee7674ae3ed__48c18f8c79fc588e,,"TSVI, Josi Devil - M.e.S (feat. TSVI) (feat. TSVI)","Mala, Magugu - Militant Don (Vocal)",aaecfee7674ae3ed,48c18f8c79fc588e,"data/raw/TSVI, Josi Devil - M.e.S (feat. TSVI) (feat. TSVI).mp3","data/raw/Mala, Magugu - Militant Don (Vocal).mp3",review_required,review_only,0.7154,0.69,short_blend,bass_swap,Auto mode selects bass swap because bass conflict risk 0.52 favors a deliberate low-end handoff.,phrase_aligned_blend;standard_blend,True,pass,pass,high,direct,adjacent_same_mode,,0.5185,0.1082,aaecfee7674ae3ed_tw1,mix_in,0:33-0:49,48c18f8c79fc588e_tw1,mix_in,0:16-0:32,0:33-0:49,0:16-0:32,2.0407,club_opening;festival_daytime,shared rules require manual review,moderate bass conflict (0.52),"style fit unavailable (missing style labels) — neutral;low key confidence — verify key before trusting harmonic result;context fit unavailable (no context profile) — neutral;no context profile — role/fit is context-free;not DJ-validated — output is a candidate estimate, not ground truth;conflicting descriptors — interpretation is unstable",,,,
aaecfee7674ae3ed__76609e489f01f9de,,"TSVI, Josi Devil - M.e.S (feat. TSVI) (feat. TSVI)",Rohaan - Got No _3 (Original Mix),aaecfee7674ae3ed,76609e489f01f9de,"data/raw/TSVI, Josi Devil - M.e.S (feat. TSVI) (feat. TSVI).mp3",data/raw/Rohaan - Got No _3 (Original Mix).mp3,review_required,review_only,0.6971,0.69,short_blend,bass_swap,Auto mode selects bass swap because bass conflict risk 0.46 favors a deliberate low-end handoff.,phrase_aligned_blend;standard_blend,True,pass,review,high,direct,unknown,,0.4604,0.1082,aaecfee7674ae3ed_tw1,mix_in,0:33-0:49,76609e489f01f9de_tw1,bridge,1:31-1:47,0:33-0:49,1:31-1:47,1.8598,club_closing;club_opening;club_peak;festival_daytime,harmonic risk 0.57 needs masking or careful transition timing;shared rules require manual review,moderate bass conflict (0.46);harmonic risk 0.57 — unknown key move;harmonic risk 0.57 needs masking or careful transition timing,"style fit unavailable (missing style labels) — neutral;low key confidence — verify key before trusting harmonic result;context fit unavailable (no context profile) — neutral;no context profile — role/fit is context-free;not DJ-validated — output is a candidate estimate, not ground truth;conflicting descriptors — interpretation is unstable",,,,
aaecfee7674ae3ed__79d93a2a256d0920,,"TSVI, Josi Devil - M.e.S (feat. TSVI) (feat. TSVI)",Bodhi - Thirst (Original Mix),aaecfee7674ae3ed,79d93a2a256d0920,"data/raw/TSVI, Josi Devil - M.e.S (feat. TSVI) (feat. TSVI).mp3",data/raw/Bodhi - Thirst (Original Mix).mp3,review_required,review_only,0.6611,0.69,phrase_aligned_blend,tops_swap,Auto mode selects tops swap because phrase aligned blend prefers a tighter upper-band handoff.,short_blend;echo_out,True,pass,review,medium,direct,risky,,0.4016,0.1082,aaecfee7674ae3ed_tw1,mix_in,0:33-0:49,79d93a2a256d0920_tw1,mix_in,0:59-1:15,0:33-0:49,0:59-1:15,2.1327,club_opening;club_peak;festival_daytime,harmonic risk 0.74 needs masking or careful transition timing;shared rules require manual review,moderate bass conflict (0.40);harmonic risk 0.74 — risky key move;harmonic risk 0.74 needs masking or careful transition timing,"style fit unavailable (missing style labels) — neutral;risky key relation, but low harmonic exposure may mask it;context fit unavailable (no context profile) — neutral;no context profile — role/fit is context-free;not DJ-validated — output is a candidate estimate, not ground truth;conflicting descriptors — interpretation is unstable;tempo gap is above easy-blend range — keep the overlap disciplined",,,,
aaecfee7674ae3ed__85d8116989ea2f32,,"TSVI, Josi Devil - M.e.S (feat. TSVI) (feat. TSVI)",O_Flynn - Srekye (Extended Mix),aaecfee7674ae3ed,85d8116989ea2f32,"data/raw/TSVI, Josi Devil - M.e.S (feat. TSVI) (feat. TSVI).mp3",data/raw/O_Flynn - Srekye (Extended Mix).mp3,non_standard_strategy_required,review_only,0.6302,0.69,tempo_ramp,plain_blend,Auto mode falls back to plain blend because the engine prefers tempo ramp over a standard overlap.,echo_out;break_transition;hard_cut,False,strategy_dependent,review,medium,direct,unknown,,0.418,0.1082,aaecfee7674ae3ed_tw1,mix_in,0:33-0:49,85d8116989ea2f32_tw2,mix_in,0:08-0:24,0:33-0:49,0:08-0:24,1.9861,club_closing;club_opening;club_peak;festival_daytime,effective BPM gap 7.7% needs a non-standard tempo strategy;harmonic risk 0.58 needs masking or careful transition timing;shared rules require manual review,moderate bass conflict (0.42);harmonic risk 0.58 — unknown key move;effective BPM gap 7.7% needs a non-standard tempo strategy;harmonic risk 0.58 needs masking or careful transition timing;tempo relation requires a non-standard transition strategy,"style fit unavailable (missing style labels) — neutral;low key confidence — verify key before trusting harmonic result;context fit unavailable (no context profile) — neutral;no context profile — role/fit is context-free;not DJ-validated — output is a candidate estimate, not ground truth;conflicting descriptors — interpretation is unstable;standard blend is risky at this BPM gap — non-standard strategy preferred; shared rules suggest a non-standard exit",,,,
aaecfee7674ae3ed__a749c305f32f7d51,,"TSVI, Josi Devil - M.e.S (feat. TSVI) (feat. TSVI)",AIROD - Rave Cycle (Original Mix),aaecfee7674ae3ed,a749c305f32f7d51,"data/raw/TSVI, Josi Devil - M.e.S (feat. TSVI) (feat. TSVI).mp3",data/raw/AIROD - Rave Cycle (Original Mix).mp3,non_standard_strategy_required,review_only,0.6324,0.69,tempo_ramp,plain_blend,Auto mode falls back to plain blend because the engine prefers tempo ramp over a standard overlap.,echo_out;break_transition;hard_cut,False,strategy_dependent,pass,medium,direct,unknown,,0.651,0.0959,aaecfee7674ae3ed_tw1,mix_in,0:33-0:49,a749c305f32f7d51_tw1,mix_in,0:00-0:09,0:33-0:49,0:00-0:09,2.1606,club_closing;club_opening;club_peak;festival_daytime,effective BPM gap 10.0% needs a non-standard tempo strategy;bass conflict risk 0.65 is elevated;shared rules require manual review,high bass conflict (0.65) — both tracks bass-heavy;effective BPM gap 10.0% needs a non-standard tempo strategy;bass conflict risk 0.65 is elevated;tempo relation requires a non-standard transition strategy,"style fit unavailable (missing style labels) — neutral;low key confidence — verify key before trusting harmonic result;context fit unavailable (no context profile) — neutral;no context profile — role/fit is context-free;not DJ-validated — output is a candidate estimate, not ground truth;conflicting descriptors — interpretation is unstable;standard blend is risky at this BPM gap — non-standard strategy preferred; shared rules suggest a non-standard exit",,,,
aaecfee7674ae3ed__b2d3c5c17b5e26ac,,"TSVI, Josi Devil - M.e.S (feat. TSVI) (feat. TSVI)",Bodhi - 433Mhz (Original Mix),aaecfee7674ae3ed,b2d3c5c17b5e26ac,"data/raw/TSVI, Josi Devil - M.e.S (feat. TSVI) (feat. TSVI).mp3",data/raw/Bodhi - 433Mhz (Original Mix).mp3,reject_standard_blend,suppress,0.6515,0.69,echo_out,plain_blend,Auto mode falls back to plain blend because the engine prefers echo out over a standard overlap.,short_blend;hard_cut,False,pass,fail,medium,direct,risky,,0.4354,0.1082,aaecfee7674ae3ed_tw1,mix_in,0:33-0:49,b2d3c5c17b5e26ac_tw2,mix_in,0:49-1:05,0:33-0:49,0:49-1:05,1.9634,club_opening;festival_daytime,harmonic clash risk 0.75 breaches the shared hard limit;shared hard block triggered recommendation suppression,moderate bass conflict (0.44);harmonic risk 0.75 — risky key move;harmonic clash risk 0.75 breaches the shared hard limit;harmonic gate failed — exposed key clash risk;shared pair rules triggered a hard block for standard blending,"style fit unavailable (missing style labels) — neutral;risky key relation, but low harmonic exposure may mask it;context fit unavailable (no context profile) — neutral;no context profile — role/fit is context-free;not DJ-validated — output is a candidate estimate, not ground truth;conflicting descriptors — interpretation is unstable;tempo gap is above easy-blend range — keep the overlap disciplined; shared rules suggest a non-standard exit",,,,
aaecfee7674ae3ed__deb940c4a6052fed,,"TSVI, Josi Devil - M.e.S (feat. TSVI) (feat. TSVI)",Jorg Kuning - Mercedes (Original Mix),aaecfee7674ae3ed,deb940c4a6052fed,"data/raw/TSVI, Josi Devil - M.e.S (feat. TSVI) (feat. TSVI).mp3",data/raw/Jorg Kuning - Mercedes (Original Mix).mp3,non_standard_strategy_required,review_only,0.6172,0.69,tempo_ramp,plain_blend,Auto mode falls back to plain blend because the engine prefers tempo ramp over a standard overlap.,echo_out;break_transition;hard_cut,False,strategy_dependent,review,medium,direct,risky,,0.6139,0.1082,aaecfee7674ae3ed_tw1,mix_in,0:33-0:49,deb940c4a6052fed_tw1,mix_in,0:03-0:19,0:33-0:49,0:03-0:19,2.0548,club_opening;festival_daytime,effective BPM gap 7.7% needs a non-standard tempo strategy;harmonic risk 0.71 needs masking or careful transition timing;bass conflict risk 0.61 is elevated;shared rules require manual review,high bass conflict (0.61) — both tracks bass-heavy;harmonic risk 0.71 — risky key move;effective BPM gap 7.7% needs a non-standard tempo strategy;harmonic risk 0.71 needs masking or careful transition timing;bass conflict risk 0.61 is elevated;tempo relation requires a non-standard transition strategy,"style fit unavailable (missing style labels) — neutral;risky key relation, but low harmonic exposure may mask it;context fit unavailable (no context profile) — neutral;no context profile — role/fit is context-free;not DJ-validated — output is a candidate estimate, not ground truth;conflicting descriptors — interpretation is unstable;standard blend is risky at this BPM gap — non-standard strategy preferred; shared rules suggest a non-standard exit",,,,
aaecfee7674ae3ed__e3b089eb3589fe94,,"TSVI, Josi Devil - M.e.S (feat. TSVI) (feat. TSVI)",Muskila - YARAO (Original Mix),aaecfee7674ae3ed,e3b089eb3589fe94,"data/raw/TSVI, Josi Devil - M.e.S (feat. TSVI) (feat. TSVI).mp3",data/raw/Muskila - YARAO (Original Mix).mp3,review_required,review_only,0.6339,0.69,phrase_aligned_blend,bass_swap,Auto mode selects bass swap because bass conflict risk 0.65 favors a deliberate low-end handoff.,short_blend;echo_out,True,pass,review,medium,direct,risky,,0.651,0.1082,aaecfee7674ae3ed_tw1,mix_in,0:33-0:49,e3b089eb3589fe94_tw2,mix_in,0:00-0:16,0:33-0:49,0:00-0:16,2.0874,club_opening;festival_daytime,harmonic risk 0.67 needs masking or careful transition timing;bass conflict risk 0.65 is elevated;shared rules require manual review,high bass conflict (0.65) — both tracks bass-heavy;harmonic risk 0.67 — risky key move;harmonic risk 0.67 needs masking or careful transition timing;bass conflict risk 0.65 is elevated,"style fit unavailable (missing style labels) — neutral;risky key relation, but low harmonic exposure may mask it;context fit unavailable (no context profile) — neutral;no context profile — role/fit is context-free;not DJ-validated — output is a candidate estimate, not ground truth;conflicting descriptors — interpretation is unstable;tempo gap is above easy-blend range — keep the overlap disciplined",,,,
aaecfee7674ae3ed__ecf64aa98ccd4467,,"TSVI, Josi Devil - M.e.S (feat. TSVI) (feat. TSVI)",Bicep - CHROMA 004 ROLA (Original Mix),aaecfee7674ae3ed,ecf64aa98ccd4467,"data/raw/TSVI, Josi Devil - M.e.S (feat. TSVI) (feat. TSVI).mp3",data/raw/Bicep - CHROMA 004 ROLA (Original Mix).mp3,reject_standard_blend,suppress,0.5461,0.62,hard_cut,plain_blend,Auto mode falls back to plain blend because the engine prefers hard cut over a standard overlap.,echo_out,False,fail,review,low,double_time_of_b,risky,,0.5903,0.1082,aaecfee7674ae3ed_tw1,mix_in,0:33-0:49,ecf64aa98ccd4467_tw2,mix_in,0:00-0:09,0:33-0:49,0:00-0:09,2.0171,club_opening;festival_daytime,extreme BPM jump 30.9% breaches the shared hard limit;harmonic risk 0.70 needs masking or careful transition timing;bass conflict risk 0.59 is elevated;shared hard block triggered recommendation suppression,moderate bass conflict (0.59);harmonic risk 0.70 — risky key move;extreme BPM jump 30.9% breaches the shared hard limit;harmonic risk 0.70 needs masking or careful transition timing;bass conflict risk 0.59 is elevated;tempo gate failed — reject standard blend;shared pair rules triggered a hard block for standard blending,"style fit unavailable (missing style labels) — neutral;risky key relation, but low harmonic exposure may mask it;context fit unavailable (no context profile) — neutral;no context profile — role/fit is context-free;not DJ-validated — output is a candidate estimate, not ground truth;conflicting descriptors — interpretation is unstable;extreme BPM jump — reject standard blend; shared rules suggest a non-standard exit",,,,
aaecfee7674ae3ed__fea8b371ffd2adc5,,"TSVI, Josi Devil - M.e.S (feat. TSVI) (feat. TSVI)",Povoa - Hacked Lime (Original Mix),aaecfee7674ae3ed,fea8b371ffd2adc5,"data/raw/TSVI, Josi Devil - M.e.S (feat. TSVI) (feat. TSVI).mp3",data/raw/Povoa - Hacked Lime (Original Mix).mp3,non_standard_strategy_required,review_only,0.6335,0.69,tempo_ramp,plain_blend,Auto mode falls back to plain blend because the engine prefers tempo ramp over a standard overlap.,echo_out;break_transition;hard_cut,False,strategy_dependent,review,medium,direct,unknown,,0.4808,0.1082,aaecfee7674ae3ed_tw1,mix_in,0:33-0:49,fea8b371ffd2adc5_tw2,mix_in,0:08-0:24,0:33-0:49,0:08-0:24,1.9721,club_opening;club_peak;festival_daytime,effective BPM gap 10.0% needs a non-standard tempo strategy;harmonic risk 0.53 needs masking or careful transition timing;shared rules require manual review,moderate bass conflict (0.48);harmonic risk 0.53 — unknown key move;effective BPM gap 10.0% needs a non-standard tempo strategy;harmonic risk 0.53 needs masking or careful transition timing;tempo relation requires a non-standard transition strategy,"style fit unavailable (missing style labels) — neutral;low key confidence — verify key before trusting harmonic result;context fit unavailable (no context profile) — neutral;no context profile — role/fit is context-free;not DJ-validated — output is a candidate estimate, not ground truth;conflicting descriptors — interpretation is unstable;standard blend is risky at this BPM gap — non-standard strategy preferred; shared rules suggest a non-standard exit",,,,
b2d3c5c17b5e26ac__06987e170b8722e1,,Bodhi - 433Mhz (Original Mix),BRUX (AUS) - Pull The Trigger (Original Mix),b2d3c5c17b5e26ac,06987e170b8722e1,data/raw/Bodhi - 433Mhz (Original Mix).mp3,data/raw/BRUX (AUS) - Pull The Trigger (Original Mix).mp3,review_required,review_only,0.658,0.69,short_blend,contour_blend,Auto mode selects contour blend because vocal or mid exposure 0.33 favors a shaped overlap.,phrase_aligned_blend;standard_blend,True,pass,review,high,direct,unknown,,0.4354,0.3348,b2d3c5c17b5e26ac_tw3,mix_out,4:35-4:51,06987e170b8722e1_tw2,mix_in,0:00-0:13,4:35-4:51,0:00-0:13,1.5063,,harmonic risk 0.61 needs masking or careful transition timing;shared rules require manual review,moderate bass conflict (0.44);harmonic risk 0.61 — unknown key move;harmonic risk 0.61 needs masking or careful transition timing,"style fit unavailable (missing style labels) — neutral;low key confidence — verify key before trusting harmonic result;context fit unavailable (no context profile) — neutral;no context profile — role/fit is context-free;not DJ-validated — output is a candidate estimate, not ground truth;conflicting descriptors — interpretation is unstable",,,,
b2d3c5c17b5e26ac__0b6db038bbd47b93,,Bodhi - 433Mhz (Original Mix),"Fold, cu.rve - Business (Original Mix)",b2d3c5c17b5e26ac,0b6db038bbd47b93,data/raw/Bodhi - 433Mhz (Original Mix).mp3,"data/raw/Fold, cu.rve - Business (Original Mix).mp3",reject_standard_blend,suppress,0.6289,0.69,echo_out,plain_blend,Auto mode falls back to plain blend because the engine prefers echo out over a standard overlap.,phrase_aligned_blend;standard_blend;hard_cut,False,pass,fail,high,direct,risky,,0.4354,0.348,b2d3c5c17b5e26ac_tw3,mix_out,4:35-4:51,0b6db038bbd47b93_tw3,mix_in,0:17-0:33,4:35-4:51,0:17-0:33,1.3547,,harmonic clash risk 0.85 breaches the shared hard limit;shared hard block triggered recommendation suppression,moderate bass conflict (0.44);harmonic risk 0.85 — risky key move;harmonic clash risk 0.85 breaches the shared hard limit;harmonic gate failed — exposed key clash risk;shared pair rules triggered a hard block for standard blending,"style fit unavailable (missing style labels) — neutral;risky key relation, but low harmonic exposure may mask it;context fit unavailable (no context profile) — neutral;no context profile — role/fit is context-free;not DJ-validated — output is a candidate estimate, not ground truth;conflicting descriptors — interpretation is unstable;shared rules suggest a non-standard exit instead of a standard blend",,,,
b2d3c5c17b5e26ac__0d74f481c29d23c7,,Bodhi - 433Mhz (Original Mix),Butch - Schlecker (Original Mix),b2d3c5c17b5e26ac,0d74f481c29d23c7,data/raw/Bodhi - 433Mhz (Original Mix).mp3,data/raw/Butch - Schlecker (Original Mix).mp3,reject_standard_blend,suppress,0.6019,0.69,tempo_ramp,plain_blend,Auto mode falls back to plain blend because the engine prefers tempo ramp over a standard overlap.,echo_out;break_transition;hard_cut,False,strategy_dependent,fail,medium,direct,risky,,0.398,0.3596,b2d3c5c17b5e26ac_tw3,mix_out,4:35-4:51,0d74f481c29d23c7_tw1,mix_out,6:12-6:22,4:35-4:51,6:12-6:22,1.6162,club_closing;club_peak,effective BPM gap 7.3% needs a non-standard tempo strategy;harmonic clash risk 0.85 breaches the shared hard limit;shared hard block triggered recommendation suppression,harmonic risk 0.85 — risky key move;effective BPM gap 7.3% needs a non-standard tempo strategy;harmonic clash risk 0.85 breaches the shared hard limit;tempo relation requires a non-standard transition strategy;harmonic gate failed — exposed key clash risk;shared pair rules triggered a hard block for standard blending,"style fit unavailable (missing style labels) — neutral;risky key relation, but low harmonic exposure may mask it;context fit unavailable (no context profile) — neutral;no context profile — role/fit is context-free;not DJ-validated — output is a candidate estimate, not ground truth;conflicting descriptors — interpretation is unstable;standard blend is risky at this BPM gap — non-standard strategy preferred; shared rules suggest a non-standard exit",,,,
b2d3c5c17b5e26ac__4056c8ee53cfb090,,Bodhi - 433Mhz (Original Mix),"Oscar Farrell, Mount XLR - Mod Break (Original Mix)",b2d3c5c17b5e26ac,4056c8ee53cfb090,data/raw/Bodhi - 433Mhz (Original Mix).mp3,"data/raw/Oscar Farrell, Mount XLR - Mod Break (Original Mix).mp3",reject_standard_blend,suppress,0.6651,0.69,echo_out,plain_blend,Auto mode falls back to plain blend because the engine prefers echo out over a standard overlap.,phrase_aligned_blend;standard_blend;hard_cut,False,pass,fail,high,direct,risky,,0.4354,0.2867,b2d3c5c17b5e26ac_tw3,mix_out,4:35-4:51,4056c8ee53cfb090_tw1,mix_in,1:20-1:36,4:35-4:51,1:20-1:36,1.7709,club_closing;club_peak,harmonic clash risk 0.83 breaches the shared hard limit;shared hard block triggered recommendation suppression,moderate bass conflict (0.44);harmonic risk 0.83 — risky key move;harmonic clash risk 0.83 breaches the shared hard limit;harmonic gate failed — exposed key clash risk;shared pair rules triggered a hard block for standard blending,"style fit unavailable (missing style labels) — neutral;risky key relation, but low harmonic exposure may mask it;context fit unavailable (no context profile) — neutral;no context profile — role/fit is context-free;not DJ-validated — output is a candidate estimate, not ground truth;conflicting descriptors — interpretation is unstable;shared rules suggest a non-standard exit instead of a standard blend",,,,
b2d3c5c17b5e26ac__48c18f8c79fc588e,,Bodhi - 433Mhz (Original Mix),"Mala, Magugu - Militant Don (Vocal)",b2d3c5c17b5e26ac,48c18f8c79fc588e,data/raw/Bodhi - 433Mhz (Original Mix).mp3,"data/raw/Mala, Magugu - Militant Don (Vocal).mp3",reject_standard_blend,suppress,0.6571,0.69,echo_out,plain_blend,Auto mode falls back to plain blend because the engine prefers echo out over a standard overlap.,phrase_aligned_blend;standard_blend;hard_cut,False,pass,fail,high,direct,risky,,0.4354,0.2722,b2d3c5c17b5e26ac_tw3,mix_out,4:35-4:51,48c18f8c79fc588e_tw1,mix_in,0:16-0:32,4:35-4:51,0:16-0:32,1.5833,,harmonic clash risk 0.82 breaches the shared hard limit;shared hard block triggered recommendation suppression,moderate bass conflict (0.44);harmonic risk 0.82 — risky key move;harmonic clash risk 0.82 breaches the shared hard limit;harmonic gate failed — exposed key clash risk;shared pair rules triggered a hard block for standard blending,"style fit unavailable (missing style labels) — neutral;risky key relation, but low harmonic exposure may mask it;context fit unavailable (no context profile) — neutral;no context profile — role/fit is context-free;not DJ-validated — output is a candidate estimate, not ground truth;conflicting descriptors — interpretation is unstable;shared rules suggest a non-standard exit instead of a standard blend",,,,
b2d3c5c17b5e26ac__76609e489f01f9de,,Bodhi - 433Mhz (Original Mix),Rohaan - Got No _3 (Original Mix),b2d3c5c17b5e26ac,76609e489f01f9de,data/raw/Bodhi - 433Mhz (Original Mix).mp3,data/raw/Rohaan - Got No _3 (Original Mix).mp3,review_required,review_only,0.6472,0.69,short_blend,contour_blend,Auto mode selects contour blend because vocal or mid exposure 0.37 favors a shaped overlap.,phrase_aligned_blend;standard_blend,True,pass,review,high,direct,unknown,,0.4354,0.3695,b2d3c5c17b5e26ac_tw3,mix_out,4:35-4:51,76609e489f01f9de_tw1,bridge,1:31-1:47,4:35-4:51,1:31-1:47,1.4027,club_closing;club_peak,harmonic risk 0.64 needs masking or careful transition timing;shared rules require manual review,moderate bass conflict (0.44);harmonic risk 0.64 — unknown key move;harmonic risk 0.64 needs masking or careful transition timing,"style fit unavailable (missing style labels) — neutral;low key confidence — verify key before trusting harmonic result;context fit unavailable (no context profile) — neutral;no context profile — role/fit is context-free;not DJ-validated — output is a candidate estimate, not ground truth;conflicting descriptors — interpretation is unstable",,,,
b2d3c5c17b5e26ac__79d93a2a256d0920,,Bodhi - 433Mhz (Original Mix),Bodhi - Thirst (Original Mix),b2d3c5c17b5e26ac,79d93a2a256d0920,data/raw/Bodhi - 433Mhz (Original Mix).mp3,data/raw/Bodhi - Thirst (Original Mix).mp3,review_required,review_only,0.7008,0.69,standard_blend,contour_blend,Auto mode selects contour blend because vocal or mid exposure 0.35 favors a shaped overlap.,phrase_aligned_blend;short_blend,True,pass,pass,high,direct,exact,,0.4016,0.3472,b2d3c5c17b5e26ac_tw3,mix_out,4:35-4:51,79d93a2a256d0920_tw1,mix_in,0:59-1:15,4:35-4:51,0:59-1:15,1.7495,club_peak,shared rules require manual review,moderate bass conflict (0.40),"style fit unavailable (missing style labels) — neutral;low key confidence — verify key before trusting harmonic result;context fit unavailable (no context profile) — neutral;no context profile — role/fit is context-free;not DJ-validated — output is a candidate estimate, not ground truth;conflicting descriptors — interpretation is unstable",,,,
b2d3c5c17b5e26ac__85d8116989ea2f32,,Bodhi - 433Mhz (Original Mix),O_Flynn - Srekye (Extended Mix),b2d3c5c17b5e26ac,85d8116989ea2f32,data/raw/Bodhi - 433Mhz (Original Mix).mp3,data/raw/O_Flynn - Srekye (Extended Mix).mp3,review_required,review_only,0.6395,0.69,short_blend,contour_blend,Auto mode selects contour blend because vocal or mid exposure 0.37 favors a shaped overlap.,phrase_aligned_blend;standard_blend,True,pass,review,high,direct,unknown,,0.418,0.3695,b2d3c5c17b5e26ac_tw3,mix_out,4:35-4:51,85d8116989ea2f32_tw2,mix_in,0:08-0:24,4:35-4:51,0:08-0:24,1.5746,club_closing;club_peak,harmonic risk 0.64 needs masking or careful transition timing;shared rules require manual review,moderate bass conflict (0.42);harmonic risk 0.64 — unknown key move;harmonic risk 0.64 needs masking or careful transition timing,"style fit unavailable (missing style labels) — neutral;low key confidence — verify key before trusting harmonic result;context fit unavailable (no context profile) — neutral;no context profile — role/fit is context-free;not DJ-validated — output is a candidate estimate, not ground truth;conflicting descriptors — interpretation is unstable",,,,
b2d3c5c17b5e26ac__a749c305f32f7d51,,Bodhi - 433Mhz (Original Mix),AIROD - Rave Cycle (Original Mix),b2d3c5c17b5e26ac,a749c305f32f7d51,data/raw/Bodhi - 433Mhz (Original Mix).mp3,data/raw/AIROD - Rave Cycle (Original Mix).mp3,review_required,review_only,0.6385,0.69,phrase_aligned_blend,tops_swap,Auto mode selects tops swap because phrase aligned blend prefers a tighter upper-band handoff.,short_blend;echo_out,True,pass,review,medium,direct,unknown,,0.4354,0.0959,b2d3c5c17b5e26ac_tw3,mix_out,4:35-4:51,a749c305f32f7d51_tw1,mix_in,0:00-0:09,4:35-4:51,0:00-0:09,1.7893,club_closing;club_peak,harmonic risk 0.56 needs masking or careful transition timing;shared rules require manual review,moderate bass conflict (0.44);harmonic risk 0.56 — unknown key move;harmonic risk 0.56 needs masking or careful transition timing,"style fit unavailable (missing style labels) — neutral;low key confidence — verify key before trusting harmonic result;context fit unavailable (no context profile) — neutral;no context profile — role/fit is context-free;not DJ-validated — output is a candidate estimate, not ground truth;conflicting descriptors — interpretation is unstable;tempo gap is above easy-blend range — keep the overlap disciplined",,,,
b2d3c5c17b5e26ac__aaecfee7674ae3ed,,Bodhi - 433Mhz (Original Mix),"TSVI, Josi Devil - M.e.S (feat. TSVI) (feat. TSVI)",b2d3c5c17b5e26ac,aaecfee7674ae3ed,data/raw/Bodhi - 433Mhz (Original Mix).mp3,"data/raw/TSVI, Josi Devil - M.e.S (feat. TSVI) (feat. TSVI).mp3",reject_standard_blend,suppress,0.6431,0.69,echo_out,plain_blend,Auto mode falls back to plain blend because the engine prefers echo out over a standard overlap.,short_blend;hard_cut,False,pass,fail,medium,direct,risky,,0.4354,0.1082,b2d3c5c17b5e26ac_tw3,mix_out,4:35-4:51,aaecfee7674ae3ed_tw1,mix_in,0:33-0:49,4:35-4:51,0:33-0:49,1.8786,club_closing;club_peak,harmonic clash risk 0.75 breaches the shared hard limit;shared hard block triggered recommendation suppression,moderate bass conflict (0.44);harmonic risk 0.75 — risky key move;harmonic clash risk 0.75 breaches the shared hard limit;harmonic gate failed — exposed key clash risk;shared pair rules triggered a hard block for standard blending,"style fit unavailable (missing style labels) — neutral;risky key relation, but low harmonic exposure may mask it;context fit unavailable (no context profile) — neutral;no context profile — role/fit is context-free;not DJ-validated — output is a candidate estimate, not ground truth;conflicting descriptors — interpretation is unstable;tempo gap is above easy-blend range — keep the overlap disciplined; shared rules suggest a non-standard exit",,,,
b2d3c5c17b5e26ac__deb940c4a6052fed,,Bodhi - 433Mhz (Original Mix),Jorg Kuning - Mercedes (Original Mix),b2d3c5c17b5e26ac,deb940c4a6052fed,data/raw/Bodhi - 433Mhz (Original Mix).mp3,data/raw/Jorg Kuning - Mercedes (Original Mix).mp3,reject_standard_blend,suppress,0.6509,0.69,echo_out,plain_blend,Auto mode falls back to plain blend because the engine prefers echo out over a standard overlap.,phrase_aligned_blend;standard_blend;hard_cut,False,pass,fail,high,direct,risky,,0.4354,0.2641,b2d3c5c17b5e26ac_tw3,mix_out,4:35-4:51,deb940c4a6052fed_tw1,mix_in,0:03-0:19,4:35-4:51,0:03-0:19,1.6786,,harmonic clash risk 0.82 breaches the shared hard limit;shared hard block triggered recommendation suppression,moderate bass conflict (0.44);harmonic risk 0.82 — risky key move;harmonic clash risk 0.82 breaches the shared hard limit;harmonic gate failed — exposed key clash risk;shared pair rules triggered a hard block for standard blending,"style fit unavailable (missing style labels) — neutral;risky key relation, but low harmonic exposure may mask it;context fit unavailable (no context profile) — neutral;no context profile — role/fit is context-free;not DJ-validated — output is a candidate estimate, not ground truth;conflicting descriptors — interpretation is unstable;shared rules suggest a non-standard exit instead of a standard blend",,,,
b2d3c5c17b5e26ac__e3b089eb3589fe94,,Bodhi - 433Mhz (Original Mix),Muskila - YARAO (Original Mix),b2d3c5c17b5e26ac,e3b089eb3589fe94,data/raw/Bodhi - 433Mhz (Original Mix).mp3,data/raw/Muskila - YARAO (Original Mix).mp3,review_required,review_only,0.702,0.69,standard_blend,plain_blend,Auto mode selects plain blend because standard overlap is allowed and bass or vocal conflict stays controlled.,phrase_aligned_blend;short_blend,True,pass,pass,high,direct,adjacent_same_mode,,0.4354,0.1605,b2d3c5c17b5e26ac_tw3,mix_out,4:35-4:51,e3b089eb3589fe94_tw2,mix_in,0:00-0:16,4:35-4:51,0:00-0:16,1.7466,,shared rules require manual review,moderate bass conflict (0.44),"style fit unavailable (missing style labels) — neutral;low key confidence — verify key before trusting harmonic result;context fit unavailable (no context profile) — neutral;no context profile — role/fit is context-free;not DJ-validated — output is a candidate estimate, not ground truth;conflicting descriptors — interpretation is unstable",,,,
b2d3c5c17b5e26ac__ecf64aa98ccd4467,,Bodhi - 433Mhz (Original Mix),Bicep - CHROMA 004 ROLA (Original Mix),b2d3c5c17b5e26ac,ecf64aa98ccd4467,data/raw/Bodhi - 433Mhz (Original Mix).mp3,data/raw/Bicep - CHROMA 004 ROLA (Original Mix).mp3,reject_standard_blend,suppress,0.5364,0.62,hard_cut,plain_blend,Auto mode falls back to plain blend because the engine prefers hard cut over a standard overlap.,echo_out,False,fail,pass,low,direct,exact,,0.4354,0.2477,b2d3c5c17b5e26ac_tw3,mix_out,4:35-4:51,ecf64aa98ccd4467_tw2,mix_in,0:00-0:09,4:35-4:51,0:00-0:09,1.5979,,extreme BPM jump 30.9% breaches the shared hard limit;shared hard block triggered recommendation suppression,moderate bass conflict (0.44);extreme BPM jump 30.9% breaches the shared hard limit;tempo gate failed — reject standard blend;shared pair rules triggered a hard block for standard blending,"style fit unavailable (missing style labels) — neutral;low key confidence — verify key before trusting harmonic result;context fit unavailable (no context profile) — neutral;no context profile — role/fit is context-free;not DJ-validated — output is a candidate estimate, not ground truth;conflicting descriptors — interpretation is unstable;extreme BPM jump — reject standard blend; shared rules suggest a non-standard exit",,,,
b2d3c5c17b5e26ac__fea8b371ffd2adc5,,Bodhi - 433Mhz (Original Mix),Povoa - Hacked Lime (Original Mix),b2d3c5c17b5e26ac,fea8b371ffd2adc5,data/raw/Bodhi - 433Mhz (Original Mix).mp3,data/raw/Povoa - Hacked Lime (Original Mix).mp3,review_required,review_only,0.6206,0.69,phrase_aligned_blend,contour_blend,Auto mode selects contour blend because vocal or mid exposure 0.24 favors a shaped overlap.,short_blend;echo_out,True,pass,review,medium,direct,unknown,,0.4354,0.2431,b2d3c5c17b5e26ac_tw3,mix_out,4:35-4:51,fea8b371ffd2adc5_tw2,mix_in,0:08-0:24,4:35-4:51,0:08-0:24,1.5791,club_peak,harmonic risk 0.60 needs masking or careful transition timing;shared rules require manual review,moderate bass conflict (0.44);harmonic risk 0.60 — unknown key move;harmonic risk 0.60 needs masking or careful transition timing,"style fit unavailable (missing style labels) — neutral;low key confidence — verify key before trusting harmonic result;context fit unavailable (no context profile) — neutral;no context profile — role/fit is context-free;not DJ-validated — output is a candidate estimate, not ground truth;conflicting descriptors — interpretation is unstable;tempo gap is above easy-blend range — keep the overlap disciplined",,,,
deb940c4a6052fed__06987e170b8722e1,,Jorg Kuning - Mercedes (Original Mix),BRUX (AUS) - Pull The Trigger (Original Mix),deb940c4a6052fed,06987e170b8722e1,data/raw/Jorg Kuning - Mercedes (Original Mix).mp3,data/raw/BRUX (AUS) - Pull The Trigger (Original Mix).mp3,review_required,review_only,0.6143,0.69,phrase_aligned_blend,bass_swap,Auto mode selects bass swap because bass conflict risk 0.51 favors a deliberate low-end handoff.,short_blend;echo_out,True,pass,review,medium,direct,unknown,,0.509,0.2641,deb940c4a6052fed_tw2,mix_out,5:41-5:57,06987e170b8722e1_tw2,mix_in,0:00-0:13,5:41-5:57,0:00-0:13,1.4994,,harmonic risk 0.58 needs masking or careful transition timing;shared rules require manual review,moderate bass conflict (0.51);harmonic risk 0.58 — unknown key move;harmonic risk 0.58 needs masking or careful transition timing,"style fit unavailable (missing style labels) — neutral;low key confidence — verify key before trusting harmonic result;context fit unavailable (no context profile) — neutral;no context profile — role/fit is context-free;not DJ-validated — output is a candidate estimate, not ground truth;conflicting descriptors — interpretation is unstable;tempo gap is above easy-blend range — keep the overlap disciplined",,,,
deb940c4a6052fed__0b6db038bbd47b93,,Jorg Kuning - Mercedes (Original Mix),"Fold, cu.rve - Business (Original Mix)",deb940c4a6052fed,0b6db038bbd47b93,data/raw/Jorg Kuning - Mercedes (Original Mix).mp3,"data/raw/Fold, cu.rve - Business (Original Mix).mp3",review_required,review_only,0.606,0.69,phrase_aligned_blend,bass_swap,Auto mode selects bass swap because bass conflict risk 0.49 favors a deliberate low-end handoff.,short_blend;echo_out,True,pass,pass,medium,direct,cautious,,0.4893,0.2641,deb940c4a6052fed_tw2,mix_out,5:41-5:57,0b6db038bbd47b93_tw3,mix_in,0:17-0:33,5:41-5:57,0:17-0:33,1.3696,,shared rules require manual review,moderate bass conflict (0.49),"style fit unavailable (missing style labels) — neutral;low key confidence — verify key before trusting harmonic result;context fit unavailable (no context profile) — neutral;no context profile — role/fit is context-free;not DJ-validated — output is a candidate estimate, not ground truth;conflicting descriptors — interpretation is unstable;tempo gap is above easy-blend range — keep the overlap disciplined",,,,
deb940c4a6052fed__0d74f481c29d23c7,,Jorg Kuning - Mercedes (Original Mix),Butch - Schlecker (Original Mix),deb940c4a6052fed,0d74f481c29d23c7,data/raw/Jorg Kuning - Mercedes (Original Mix).mp3,data/raw/Butch - Schlecker (Original Mix).mp3,reject_standard_blend,suppress,0.6042,0.69,echo_out,plain_blend,Auto mode falls back to plain blend because the engine prefers echo out over a standard overlap.,short_blend;hard_cut,False,pass,fail,medium,direct,risky,,0.398,0.2641,deb940c4a6052fed_tw2,mix_out,5:41-5:57,0d74f481c29d23c7_tw1,mix_out,6:12-6:22,5:41-5:57,6:12-6:22,1.622,club_closing;club_peak,harmonic clash risk 0.79 breaches the shared hard limit;shared hard block triggered recommendation suppression,harmonic risk 0.79 — risky key move;harmonic clash risk 0.79 breaches the shared hard limit;harmonic gate failed — exposed key clash risk;shared pair rules triggered a hard block for standard blending,"style fit unavailable (missing style labels) — neutral;risky key relation, but low harmonic exposure may mask it;context fit unavailable (no context profile) — neutral;no context profile — role/fit is context-free;not DJ-validated — output is a candidate estimate, not ground truth;conflicting descriptors — interpretation is unstable;tempo gap is above easy-blend range — keep the overlap disciplined; shared rules suggest a non-standard exit",,,,
deb940c4a6052fed__4056c8ee53cfb090,,Jorg Kuning - Mercedes (Original Mix),"Oscar Farrell, Mount XLR - Mod Break (Original Mix)",deb940c4a6052fed,4056c8ee53cfb090,data/raw/Jorg Kuning - Mercedes (Original Mix).mp3,"data/raw/Oscar Farrell, Mount XLR - Mod Break (Original Mix).mp3",review_required,review_only,0.6679,0.69,standard_blend,bass_swap,Auto mode selects bass swap because bass conflict risk 0.49 favors a deliberate low-end handoff.,phrase_aligned_blend;short_blend,True,pass,review,high,direct,risky,,0.4923,0.2641,deb940c4a6052fed_tw2,mix_out,5:41-5:57,4056c8ee53cfb090_tw1,mix_in,1:20-1:36,5:41-5:57,1:20-1:36,1.7829,club_closing;club_peak,harmonic risk 0.74 needs masking or careful transition timing;shared rules require manual review,moderate bass conflict (0.49);harmonic risk 0.74 — risky key move;harmonic risk 0.74 needs masking or careful transition timing,"style fit unavailable (missing style labels) — neutral;risky key relation, but low harmonic exposure may mask it;context fit unavailable (no context profile) — neutral;no context profile — role/fit is context-free;not DJ-validated — output is a candidate estimate, not ground truth;conflicting descriptors — interpretation is unstable",,,,
deb940c4a6052fed__48c18f8c79fc588e,,Jorg Kuning - Mercedes (Original Mix),"Mala, Magugu - Militant Don (Vocal)",deb940c4a6052fed,48c18f8c79fc588e,data/raw/Jorg Kuning - Mercedes (Original Mix).mp3,"data/raw/Mala, Magugu - Militant Don (Vocal).mp3",review_required,review_only,0.5893,0.69,phrase_aligned_blend,bass_swap,Auto mode selects bass swap because bass conflict risk 0.52 favors a deliberate low-end handoff.,short_blend;echo_out,True,pass,review,medium,direct,risky,,0.5185,0.2641,deb940c4a6052fed_tw2,mix_out,5:41-5:57,48c18f8c79fc588e_tw1,mix_in,0:16-0:32,5:41-5:57,0:16-0:32,1.5309,,harmonic risk 0.74 needs masking or careful transition timing;shared rules require manual review,moderate bass conflict (0.52);harmonic risk 0.74 — risky key move;harmonic risk 0.74 needs masking or careful transition timing,"style fit unavailable (missing style labels) — neutral;risky key relation, but low harmonic exposure may mask it;context fit unavailable (no context profile) — neutral;no context profile — role/fit is context-free;not DJ-validated — output is a candidate estimate, not ground truth;conflicting descriptors — interpretation is unstable;tempo gap is above easy-blend range — keep the overlap disciplined",,,,
deb940c4a6052fed__76609e489f01f9de,,Jorg Kuning - Mercedes (Original Mix),Rohaan - Got No _3 (Original Mix),deb940c4a6052fed,76609e489f01f9de,data/raw/Jorg Kuning - Mercedes (Original Mix).mp3,data/raw/Rohaan - Got No _3 (Original Mix).mp3,review_required,review_only,0.6093,0.69,phrase_aligned_blend,bass_swap,Auto mode selects bass swap because bass conflict risk 0.46 favors a deliberate low-end handoff.,short_blend;echo_out,True,pass,review,medium,direct,unknown,,0.4604,0.2641,deb940c4a6052fed_tw2,mix_out,5:41-5:57,76609e489f01f9de_tw1,bridge,1:31-1:47,5:41-5:57,1:31-1:47,1.4029,club_closing;club_peak,harmonic risk 0.61 needs masking or careful transition timing;shared rules require manual review,moderate bass conflict (0.46);harmonic risk 0.61 — unknown key move;harmonic risk 0.61 needs masking or careful transition timing,"style fit unavailable (missing style labels) — neutral;low key confidence — verify key before trusting harmonic result;context fit unavailable (no context profile) — neutral;no context profile — role/fit is context-free;not DJ-validated — output is a candidate estimate, not ground truth;conflicting descriptors — interpretation is unstable;tempo gap is above easy-blend range — keep the overlap disciplined",,,,
deb940c4a6052fed__79d93a2a256d0920,,Jorg Kuning - Mercedes (Original Mix),Bodhi - Thirst (Original Mix),deb940c4a6052fed,79d93a2a256d0920,data/raw/Jorg Kuning - Mercedes (Original Mix).mp3,data/raw/Bodhi - Thirst (Original Mix).mp3,reject_standard_blend,suppress,0.6456,0.69,echo_out,plain_blend,Auto mode falls back to plain blend because the engine prefers echo out over a standard overlap.,phrase_aligned_blend;standard_blend;hard_cut,False,pass,fail,high,direct,risky,,0.4016,0.2641,deb940c4a6052fed_tw2,mix_out,5:41-5:57,79d93a2a256d0920_tw1,mix_in,0:59-1:15,5:41-5:57,0:59-1:15,1.6754,club_peak,harmonic clash risk 0.77 breaches the shared hard limit;shared hard block triggered recommendation suppression,moderate bass conflict (0.40);harmonic risk 0.77 — risky key move;harmonic clash risk 0.77 breaches the shared hard limit;harmonic gate failed — exposed key clash risk;shared pair rules triggered a hard block for standard blending,"style fit unavailable (missing style labels) — neutral;risky key relation, but low harmonic exposure may mask it;context fit unavailable (no context profile) — neutral;no context profile — role/fit is context-free;not DJ-validated — output is a candidate estimate, not ground truth;conflicting descriptors — interpretation is unstable;shared rules suggest a non-standard exit instead of a standard blend",,,,
deb940c4a6052fed__85d8116989ea2f32,,Jorg Kuning - Mercedes (Original Mix),O_Flynn - Srekye (Extended Mix),deb940c4a6052fed,85d8116989ea2f32,data/raw/Jorg Kuning - Mercedes (Original Mix).mp3,data/raw/O_Flynn - Srekye (Extended Mix).mp3,review_required,review_only,0.651,0.69,standard_blend,contour_blend,Auto mode selects contour blend because vocal or mid exposure 0.26 favors a shaped overlap.,phrase_aligned_blend;short_blend,True,pass,review,high,direct,unknown,,0.418,0.2641,deb940c4a6052fed_tw2,mix_out,5:41-5:57,85d8116989ea2f32_tw2,mix_in,0:08-0:24,5:41-5:57,0:08-0:24,1.5994,club_closing;club_peak,harmonic risk 0.62 needs masking or careful transition timing;shared rules require manual review,moderate bass conflict (0.42);harmonic risk 0.62 — unknown key move;harmonic risk 0.62 needs masking or careful transition timing,"style fit unavailable (missing style labels) — neutral;low key confidence — verify key before trusting harmonic result;context fit unavailable (no context profile) — neutral;no context profile — role/fit is context-free;not DJ-validated — output is a candidate estimate, not ground truth;conflicting descriptors — interpretation is unstable",,,,
deb940c4a6052fed__a749c305f32f7d51,,Jorg Kuning - Mercedes (Original Mix),AIROD - Rave Cycle (Original Mix),deb940c4a6052fed,a749c305f32f7d51,data/raw/Jorg Kuning - Mercedes (Original Mix).mp3,data/raw/AIROD - Rave Cycle (Original Mix).mp3,review_required,review_only,0.675,0.69,short_blend,bass_swap,Auto mode selects bass swap because bass conflict risk 0.61 favors a deliberate low-end handoff.,phrase_aligned_blend;standard_blend,True,pass,review,high,direct,unknown,,0.6139,0.0959,deb940c4a6052fed_tw2,mix_out,5:41-5:57,a749c305f32f7d51_tw1,mix_in,0:00-0:09,5:41-5:57,0:00-0:09,1.8067,club_closing;club_peak,harmonic risk 0.54 needs masking or careful transition timing;bass conflict risk 0.61 is elevated;shared rules require manual review,high bass conflict (0.61) — both tracks bass-heavy;harmonic risk 0.54 — unknown key move;harmonic risk 0.54 needs masking or careful transition timing;bass conflict risk 0.61 is elevated,"style fit unavailable (missing style labels) — neutral;low key confidence — verify key before trusting harmonic result;context fit unavailable (no context profile) — neutral;no context profile — role/fit is context-free;not DJ-validated — output is a candidate estimate, not ground truth;conflicting descriptors — interpretation is unstable",,,,
deb940c4a6052fed__aaecfee7674ae3ed,,Jorg Kuning - Mercedes (Original Mix),"TSVI, Josi Devil - M.e.S (feat. TSVI) (feat. TSVI)",deb940c4a6052fed,aaecfee7674ae3ed,data/raw/Jorg Kuning - Mercedes (Original Mix).mp3,"data/raw/TSVI, Josi Devil - M.e.S (feat. TSVI) (feat. TSVI).mp3",non_standard_strategy_required,review_only,0.5945,0.69,tempo_ramp,plain_blend,Auto mode falls back to plain blend because the engine prefers tempo ramp over a standard overlap.,echo_out;break_transition;hard_cut,False,strategy_dependent,review,medium,direct,risky,,0.6139,0.1082,deb940c4a6052fed_tw2,mix_out,5:41-5:57,aaecfee7674ae3ed_tw1,mix_in,0:33-0:49,5:41-5:57,0:33-0:49,1.8007,club_closing;club_peak,effective BPM gap 8.3% needs a non-standard tempo strategy;harmonic risk 0.71 needs masking or careful transition timing;bass conflict risk 0.61 is elevated;shared rules require manual review,high bass conflict (0.61) — both tracks bass-heavy;harmonic risk 0.71 — risky key move;effective BPM gap 8.3% needs a non-standard tempo strategy;harmonic risk 0.71 needs masking or careful transition timing;bass conflict risk 0.61 is elevated;tempo relation requires a non-standard transition strategy,"style fit unavailable (missing style labels) — neutral;risky key relation, but low harmonic exposure may mask it;context fit unavailable (no context profile) — neutral;no context profile — role/fit is context-free;not DJ-validated — output is a candidate estimate, not ground truth;conflicting descriptors — interpretation is unstable;standard blend is risky at this BPM gap — non-standard strategy preferred; shared rules suggest a non-standard exit",,,,
deb940c4a6052fed__b2d3c5c17b5e26ac,,Jorg Kuning - Mercedes (Original Mix),Bodhi - 433Mhz (Original Mix),deb940c4a6052fed,b2d3c5c17b5e26ac,data/raw/Jorg Kuning - Mercedes (Original Mix).mp3,data/raw/Bodhi - 433Mhz (Original Mix).mp3,reject_standard_blend,suppress,0.6386,0.69,echo_out,plain_blend,Auto mode falls back to plain blend because the engine prefers echo out over a standard overlap.,phrase_aligned_blend;standard_blend;hard_cut,False,pass,fail,high,direct,risky,,0.4354,0.2641,deb940c4a6052fed_tw2,mix_out,5:41-5:57,b2d3c5c17b5e26ac_tw2,mix_in,0:49-1:05,5:41-5:57,0:49-1:05,1.5132,,harmonic clash risk 0.82 breaches the shared hard limit;shared hard block triggered recommendation suppression,moderate bass conflict (0.44);harmonic risk 0.82 — risky key move;harmonic clash risk 0.82 breaches the shared hard limit;harmonic gate failed — exposed key clash risk;shared pair rules triggered a hard block for standard blending,"style fit unavailable (missing style labels) — neutral;risky key relation, but low harmonic exposure may mask it;context fit unavailable (no context profile) — neutral;no context profile — role/fit is context-free;not DJ-validated — output is a candidate estimate, not ground truth;conflicting descriptors — interpretation is unstable;shared rules suggest a non-standard exit instead of a standard blend",,,,
deb940c4a6052fed__e3b089eb3589fe94,,Jorg Kuning - Mercedes (Original Mix),Muskila - YARAO (Original Mix),deb940c4a6052fed,e3b089eb3589fe94,data/raw/Jorg Kuning - Mercedes (Original Mix).mp3,data/raw/Muskila - YARAO (Original Mix).mp3,review_required,review_only,0.6458,0.69,short_blend,bass_swap,Auto mode selects bass swap because bass conflict risk 0.61 favors a deliberate low-end handoff.,phrase_aligned_blend;standard_blend,True,pass,review,high,direct,risky,,0.6139,0.1605,deb940c4a6052fed_tw2,mix_out,5:41-5:57,e3b089eb3589fe94_tw2,mix_in,0:00-0:16,5:41-5:57,0:00-0:16,1.6763,,harmonic risk 0.70 needs masking or careful transition timing;bass conflict risk 0.61 is elevated;shared rules require manual review,high bass conflict (0.61) — both tracks bass-heavy;harmonic risk 0.70 — risky key move;harmonic risk 0.70 needs masking or careful transition timing;bass conflict risk 0.61 is elevated,"style fit unavailable (missing style labels) — neutral;risky key relation, but low harmonic exposure may mask it;context fit unavailable (no context profile) — neutral;no context profile — role/fit is context-free;not DJ-validated — output is a candidate estimate, not ground truth;conflicting descriptors — interpretation is unstable",,,,
deb940c4a6052fed__ecf64aa98ccd4467,,Jorg Kuning - Mercedes (Original Mix),Bicep - CHROMA 004 ROLA (Original Mix),deb940c4a6052fed,ecf64aa98ccd4467,data/raw/Jorg Kuning - Mercedes (Original Mix).mp3,data/raw/Bicep - CHROMA 004 ROLA (Original Mix).mp3,reject_standard_blend,suppress,0.4987,0.62,hard_cut,plain_blend,Auto mode falls back to plain blend because the engine prefers hard cut over a standard overlap.,echo_out,False,fail,review,low,direct,risky,,0.5903,0.2477,deb940c4a6052fed_tw2,mix_out,5:41-5:57,ecf64aa98ccd4467_tw2,mix_in,0:00-0:09,5:41-5:57,0:00-0:09,1.567,,extreme BPM jump 29.1% breaches the shared hard limit;harmonic risk 0.73 needs masking or careful transition timing;bass conflict risk 0.59 is elevated;shared hard block triggered recommendation suppression,moderate bass conflict (0.59);harmonic risk 0.73 — risky key move;extreme BPM jump 29.1% breaches the shared hard limit;harmonic risk 0.73 needs masking or careful transition timing;bass conflict risk 0.59 is elevated;tempo gate failed — reject standard blend;shared pair rules triggered a hard block for standard blending,"style fit unavailable (missing style labels) — neutral;risky key relation, but low harmonic exposure may mask it;context fit unavailable (no context profile) — neutral;no context profile — role/fit is context-free;not DJ-validated — output is a candidate estimate, not ground truth;conflicting descriptors — interpretation is unstable;extreme BPM jump — reject standard blend; shared rules suggest a non-standard exit",,,,
deb940c4a6052fed__fea8b371ffd2adc5,,Jorg Kuning - Mercedes (Original Mix),Povoa - Hacked Lime (Original Mix),deb940c4a6052fed,fea8b371ffd2adc5,data/raw/Jorg Kuning - Mercedes (Original Mix).mp3,data/raw/Povoa - Hacked Lime (Original Mix).mp3,review_required,review_only,0.6674,0.69,short_blend,bass_swap,Auto mode selects bass swap because bass conflict risk 0.48 favors a deliberate low-end handoff.,phrase_aligned_blend;standard_blend,True,pass,review,high,direct,unknown,,0.4808,0.2431,deb940c4a6052fed_tw2,mix_out,5:41-5:57,fea8b371ffd2adc5_tw2,mix_in,0:08-0:24,5:41-5:57,0:08-0:24,1.6098,club_peak,harmonic risk 0.57 needs masking or careful transition timing;shared rules require manual review,moderate bass conflict (0.48);harmonic risk 0.57 — unknown key move;harmonic risk 0.57 needs masking or careful transition timing,"style fit unavailable (missing style labels) — neutral;low key confidence — verify key before trusting harmonic result;context fit unavailable (no context profile) — neutral;no context profile — role/fit is context-free;not DJ-validated — output is a candidate estimate, not ground truth;conflicting descriptors — interpretation is unstable",,,,
e3b089eb3589fe94__06987e170b8722e1,,Muskila - YARAO (Original Mix),BRUX (AUS) - Pull The Trigger (Original Mix),e3b089eb3589fe94,06987e170b8722e1,data/raw/Muskila - YARAO (Original Mix).mp3,data/raw/BRUX (AUS) - Pull The Trigger (Original Mix).mp3,review_required,review_only,0.6841,0.69,short_blend,bass_swap,Auto mode selects bass swap because bass conflict risk 0.51 favors a deliberate low-end handoff.,phrase_aligned_blend;standard_blend,True,pass,review,high,direct,unknown,,0.509,0.1605,e3b089eb3589fe94_tw3,mix_out,3:49-4:05,06987e170b8722e1_tw2,mix_in,0:00-0:13,3:49-4:05,0:00-0:13,1.7018,festival_daytime,harmonic risk 0.55 needs masking or careful transition timing;shared rules require manual review,moderate bass conflict (0.51);harmonic risk 0.55 — unknown key move;harmonic risk 0.55 needs masking or careful transition timing,"style fit unavailable (missing style labels) — neutral;low key confidence — verify key before trusting harmonic result;context fit unavailable (no context profile) — neutral;no context profile — role/fit is context-free;not DJ-validated — output is a candidate estimate, not ground truth;conflicting descriptors — interpretation is unstable",,,,
e3b089eb3589fe94__0b6db038bbd47b93,,Muskila - YARAO (Original Mix),"Fold, cu.rve - Business (Original Mix)",e3b089eb3589fe94,0b6db038bbd47b93,data/raw/Muskila - YARAO (Original Mix).mp3,"data/raw/Fold, cu.rve - Business (Original Mix).mp3",reject_standard_blend,suppress,0.658,0.69,echo_out,plain_blend,Auto mode falls back to plain blend because the engine prefers echo out over a standard overlap.,phrase_aligned_blend;standard_blend;hard_cut,False,pass,fail,high,direct,risky,,0.4893,0.1605,e3b089eb3589fe94_tw3,mix_out,3:49-4:05,0b6db038bbd47b93_tw3,mix_in,0:17-0:33,3:49-4:05,0:17-0:33,1.5525,festival_daytime,harmonic clash risk 0.76 breaches the shared hard limit;shared hard block triggered recommendation suppression,moderate bass conflict (0.49);harmonic risk 0.76 — risky key move;harmonic clash risk 0.76 breaches the shared hard limit;harmonic gate failed — exposed key clash risk;shared pair rules triggered a hard block for standard blending,"style fit unavailable (missing style labels) — neutral;risky key relation, but low harmonic exposure may mask it;context fit unavailable (no context profile) — neutral;no context profile — role/fit is context-free;not DJ-validated — output is a candidate estimate, not ground truth;conflicting descriptors — interpretation is unstable;shared rules suggest a non-standard exit instead of a standard blend",,,,
e3b089eb3589fe94__0d74f481c29d23c7,,Muskila - YARAO (Original Mix),Butch - Schlecker (Original Mix),e3b089eb3589fe94,0d74f481c29d23c7,data/raw/Muskila - YARAO (Original Mix).mp3,data/raw/Butch - Schlecker (Original Mix).mp3,reject_standard_blend,suppress,0.6167,0.69,tempo_ramp,plain_blend,Auto mode falls back to plain blend because the engine prefers tempo ramp over a standard overlap.,echo_out;break_transition;hard_cut,False,strategy_dependent,fail,medium,direct,risky,,0.398,0.1605,e3b089eb3589fe94_tw3,mix_out,3:49-4:05,0d74f481c29d23c7_tw1,mix_out,6:12-6:22,3:49-4:05,6:12-6:22,1.7827,club_closing;club_peak;festival_daytime,effective BPM gap 7.3% needs a non-standard tempo strategy;harmonic clash risk 0.75 breaches the shared hard limit;shared hard block triggered recommendation suppression,harmonic risk 0.75 — risky key move;effective BPM gap 7.3% needs a non-standard tempo strategy;harmonic clash risk 0.75 breaches the shared hard limit;tempo relation requires a non-standard transition strategy;harmonic gate failed — exposed key clash risk;shared pair rules triggered a hard block for standard blending,"style fit unavailable (missing style labels) — neutral;risky key relation, but low harmonic exposure may mask it;context fit unavailable (no context profile) — neutral;no context profile — role/fit is context-free;not DJ-validated — output is a candidate estimate, not ground truth;conflicting descriptors — interpretation is unstable;standard blend is risky at this BPM gap — non-standard strategy preferred; shared rules suggest a non-standard exit",,,,
e3b089eb3589fe94__4056c8ee53cfb090,,Muskila - YARAO (Original Mix),"Oscar Farrell, Mount XLR - Mod Break (Original Mix)",e3b089eb3589fe94,4056c8ee53cfb090,data/raw/Muskila - YARAO (Original Mix).mp3,"data/raw/Oscar Farrell, Mount XLR - Mod Break (Original Mix).mp3",review_required,review_only,0.6817,0.69,short_blend,bass_swap,Auto mode selects bass swap because bass conflict risk 0.49 favors a deliberate low-end handoff.,phrase_aligned_blend;standard_blend,True,pass,review,high,direct,risky,,0.4923,0.1605,e3b089eb3589fe94_tw3,mix_out,3:49-4:05,4056c8ee53cfb090_tw1,mix_in,1:20-1:36,3:49-4:05,1:20-1:36,1.9464,club_closing;club_peak;festival_daytime,harmonic risk 0.70 needs masking or careful transition timing;shared rules require manual review,moderate bass conflict (0.49);harmonic risk 0.70 — risky key move;harmonic risk 0.70 needs masking or careful transition timing,"style fit unavailable (missing style labels) — neutral;risky key relation, but low harmonic exposure may mask it;context fit unavailable (no context profile) — neutral;no context profile — role/fit is context-free;not DJ-validated — output is a candidate estimate, not ground truth;conflicting descriptors — interpretation is unstable",,,,
e3b089eb3589fe94__48c18f8c79fc588e,,Muskila - YARAO (Original Mix),"Mala, Magugu - Militant Don (Vocal)",e3b089eb3589fe94,48c18f8c79fc588e,data/raw/Muskila - YARAO (Original Mix).mp3,"data/raw/Mala, Magugu - Militant Don (Vocal).mp3",review_required,review_only,0.6678,0.69,short_blend,bass_swap,Auto mode selects bass swap because bass conflict risk 0.52 favors a deliberate low-end handoff.,phrase_aligned_blend;standard_blend,True,pass,review,high,direct,risky,,0.5185,0.1605,e3b089eb3589fe94_tw3,mix_out,3:49-4:05,48c18f8c79fc588e_tw1,mix_in,0:16-0:32,3:49-4:05,0:16-0:32,1.7494,festival_daytime,harmonic risk 0.70 needs masking or careful transition timing;shared rules require manual review,moderate bass conflict (0.52);harmonic risk 0.70 — risky key move;harmonic risk 0.70 needs masking or careful transition timing,"style fit unavailable (missing style labels) — neutral;risky key relation, but low harmonic exposure may mask it;context fit unavailable (no context profile) — neutral;no context profile — role/fit is context-free;not DJ-validated — output is a candidate estimate, not ground truth;conflicting descriptors — interpretation is unstable",,,,
e3b089eb3589fe94__76609e489f01f9de,,Muskila - YARAO (Original Mix),Rohaan - Got No _3 (Original Mix),e3b089eb3589fe94,76609e489f01f9de,data/raw/Muskila - YARAO (Original Mix).mp3,data/raw/Rohaan - Got No _3 (Original Mix).mp3,review_required,review_only,0.6804,0.69,short_blend,bass_swap,Auto mode selects bass swap because bass conflict risk 0.46 favors a deliberate low-end handoff.,phrase_aligned_blend;standard_blend,True,pass,review,high,direct,unknown,,0.4604,0.1605,e3b089eb3589fe94_tw3,mix_out,3:49-4:05,76609e489f01f9de_tw1,bridge,1:31-1:47,3:49-4:05,1:31-1:47,1.6079,club_closing;club_peak;festival_daytime,harmonic risk 0.59 needs masking or careful transition timing;shared rules require manual review,moderate bass conflict (0.46);harmonic risk 0.59 — unknown key move;harmonic risk 0.59 needs masking or careful transition timing,"style fit unavailable (missing style labels) — neutral;low key confidence — verify key before trusting harmonic result;context fit unavailable (no context profile) — neutral;no context profile — role/fit is context-free;not DJ-validated — output is a candidate estimate, not ground truth;conflicting descriptors — interpretation is unstable",,,,
e3b089eb3589fe94__79d93a2a256d0920,,Muskila - YARAO (Original Mix),Bodhi - Thirst (Original Mix),e3b089eb3589fe94,79d93a2a256d0920,data/raw/Muskila - YARAO (Original Mix).mp3,data/raw/Bodhi - Thirst (Original Mix).mp3,review_required,review_only,0.7183,0.69,standard_blend,plain_blend,Auto mode selects plain blend because standard overlap is allowed and bass or vocal conflict stays controlled.,phrase_aligned_blend;short_blend,True,pass,pass,high,direct,adjacent_same_mode,,0.4016,0.1605,e3b089eb3589fe94_tw3,mix_out,3:49-4:05,79d93a2a256d0920_tw1,mix_in,0:59-1:15,3:49-4:05,0:59-1:15,1.9285,club_peak;festival_daytime,shared rules require manual review,moderate bass conflict (0.40),"style fit unavailable (missing style labels) — neutral;context fit unavailable (no context profile) — neutral;no context profile — role/fit is context-free;not DJ-validated — output is a candidate estimate, not ground truth;conflicting descriptors — interpretation is unstable",,,,
e3b089eb3589fe94__85d8116989ea2f32,,Muskila - YARAO (Original Mix),O_Flynn - Srekye (Extended Mix),e3b089eb3589fe94,85d8116989ea2f32,data/raw/Muskila - YARAO (Original Mix).mp3,data/raw/O_Flynn - Srekye (Extended Mix).mp3,review_required,review_only,0.6597,0.69,short_blend,tops_swap,Auto mode selects tops swap because short blend prefers a tighter upper-band handoff.,phrase_aligned_blend;standard_blend,True,pass,review,high,direct,unknown,,0.418,0.1605,e3b089eb3589fe94_tw3,mix_out,3:49-4:05,85d8116989ea2f32_tw2,mix_in,0:08-0:24,3:49-4:05,0:08-0:24,1.7536,club_closing;club_peak;festival_daytime,harmonic risk 0.59 needs masking or careful transition timing;shared rules require manual review,moderate bass conflict (0.42);harmonic risk 0.59 — unknown key move;harmonic risk 0.59 needs masking or careful transition timing,"style fit unavailable (missing style labels) — neutral;low key confidence — verify key before trusting harmonic result;context fit unavailable (no context profile) — neutral;no context profile — role/fit is context-free;not DJ-validated — output is a candidate estimate, not ground truth;conflicting descriptors — interpretation is unstable",,,,
e3b089eb3589fe94__a749c305f32f7d51,,Muskila - YARAO (Original Mix),AIROD - Rave Cycle (Original Mix),e3b089eb3589fe94,a749c305f32f7d51,data/raw/Muskila - YARAO (Original Mix).mp3,data/raw/AIROD - Rave Cycle (Original Mix).mp3,review_required,review_only,0.6355,0.69,phrase_aligned_blend,bass_swap,Auto mode selects bass swap because bass conflict risk 0.70 favors a deliberate low-end handoff.,short_blend;echo_out,True,pass,review,medium,direct,unknown,,0.7027,0.0959,e3b089eb3589fe94_tw3,mix_out,3:49-4:05,a749c305f32f7d51_tw1,mix_in,0:00-0:09,3:49-4:05,0:00-0:09,1.9467,club_closing;club_peak;festival_daytime,harmonic risk 0.51 needs masking or careful transition timing;bass conflict risk 0.70 is elevated;shared rules require manual review,high bass conflict (0.70) — both tracks bass-heavy;harmonic risk 0.51 — unknown key move;harmonic risk 0.51 needs masking or careful transition timing;bass conflict risk 0.70 is elevated,"style fit unavailable (missing style labels) — neutral;low key confidence — verify key before trusting harmonic result;context fit unavailable (no context profile) — neutral;no context profile — role/fit is context-free;not DJ-validated — output is a candidate estimate, not ground truth;conflicting descriptors — interpretation is unstable;tempo gap is above easy-blend range — keep the overlap disciplined",,,,
e3b089eb3589fe94__aaecfee7674ae3ed,,Muskila - YARAO (Original Mix),"TSVI, Josi Devil - M.e.S (feat. TSVI) (feat. TSVI)",e3b089eb3589fe94,aaecfee7674ae3ed,data/raw/Muskila - YARAO (Original Mix).mp3,"data/raw/TSVI, Josi Devil - M.e.S (feat. TSVI) (feat. TSVI).mp3",review_required,review_only,0.6261,0.69,phrase_aligned_blend,bass_swap,Auto mode selects bass swap because bass conflict risk 0.65 favors a deliberate low-end handoff.,short_blend;echo_out,True,pass,review,medium,direct,risky,,0.651,0.1082,e3b089eb3589fe94_tw3,mix_out,3:49-4:05,aaecfee7674ae3ed_tw1,mix_in,0:33-0:49,3:49-4:05,0:33-0:49,2.0049,club_closing;club_peak;festival_daytime,harmonic risk 0.67 needs masking or careful transition timing;bass conflict risk 0.65 is elevated;shared rules require manual review,high bass conflict (0.65) — both tracks bass-heavy;harmonic risk 0.67 — risky key move;harmonic risk 0.67 needs masking or careful transition timing;bass conflict risk 0.65 is elevated,"style fit unavailable (missing style labels) — neutral;risky key relation, but low harmonic exposure may mask it;context fit unavailable (no context profile) — neutral;no context profile — role/fit is context-free;not DJ-validated — output is a candidate estimate, not ground truth;conflicting descriptors — interpretation is unstable;tempo gap is above easy-blend range — keep the overlap disciplined",,,,
e3b089eb3589fe94__b2d3c5c17b5e26ac,,Muskila - YARAO (Original Mix),Bodhi - 433Mhz (Original Mix),e3b089eb3589fe94,b2d3c5c17b5e26ac,data/raw/Muskila - YARAO (Original Mix).mp3,data/raw/Bodhi - 433Mhz (Original Mix).mp3,review_required,review_only,0.7025,0.69,standard_blend,plain_blend,Auto mode selects plain blend because standard overlap is allowed and bass or vocal conflict stays controlled.,phrase_aligned_blend;short_blend,True,pass,pass,high,direct,adjacent_same_mode,,0.4354,0.1605,e3b089eb3589fe94_tw3,mix_out,3:49-4:05,b2d3c5c17b5e26ac_tw2,mix_in,0:49-1:05,3:49-4:05,0:49-1:05,1.7487,festival_daytime,shared rules require manual review,moderate bass conflict (0.44),"style fit unavailable (missing style labels) — neutral;low key confidence — verify key before trusting harmonic result;context fit unavailable (no context profile) — neutral;no context profile — role/fit is context-free;not DJ-validated — output is a candidate estimate, not ground truth;conflicting descriptors — interpretation is unstable",,,,
e3b089eb3589fe94__deb940c4a6052fed,,Muskila - YARAO (Original Mix),Jorg Kuning - Mercedes (Original Mix),e3b089eb3589fe94,deb940c4a6052fed,data/raw/Muskila - YARAO (Original Mix).mp3,data/raw/Jorg Kuning - Mercedes (Original Mix).mp3,review_required,review_only,0.6579,0.69,short_blend,bass_swap,Auto mode selects bass swap because bass conflict risk 0.61 favors a deliberate low-end handoff.,phrase_aligned_blend;standard_blend,True,pass,review,high,direct,risky,,0.6139,0.1605,e3b089eb3589fe94_tw3,mix_out,3:49-4:05,deb940c4a6052fed_tw1,mix_in,0:03-0:19,3:49-4:05,0:03-0:19,1.8428,festival_daytime,harmonic risk 0.70 needs masking or careful transition timing;bass conflict risk 0.61 is elevated;shared rules require manual review,high bass conflict (0.61) — both tracks bass-heavy;harmonic risk 0.70 — risky key move;harmonic risk 0.70 needs masking or careful transition timing;bass conflict risk 0.61 is elevated,"style fit unavailable (missing style labels) — neutral;risky key relation, but low harmonic exposure may mask it;context fit unavailable (no context profile) — neutral;no context profile — role/fit is context-free;not DJ-validated — output is a candidate estimate, not ground truth;conflicting descriptors — interpretation is unstable",,,,
e3b089eb3589fe94__ecf64aa98ccd4467,,Muskila - YARAO (Original Mix),Bicep - CHROMA 004 ROLA (Original Mix),e3b089eb3589fe94,ecf64aa98ccd4467,data/raw/Muskila - YARAO (Original Mix).mp3,data/raw/Bicep - CHROMA 004 ROLA (Original Mix).mp3,reject_standard_blend,suppress,0.5503,0.62,hard_cut,plain_blend,Auto mode falls back to plain blend because the engine prefers hard cut over a standard overlap.,echo_out,False,fail,pass,low,direct,adjacent_same_mode,,0.5903,0.1605,e3b089eb3589fe94_tw3,mix_out,3:49-4:05,ecf64aa98ccd4467_tw2,mix_in,0:00-0:09,3:49-4:05,0:00-0:09,1.7819,festival_daytime,extreme BPM jump 30.9% breaches the shared hard limit;bass conflict risk 0.59 is elevated;shared hard block triggered recommendation suppression,moderate bass conflict (0.59);extreme BPM jump 30.9% breaches the shared hard limit;bass conflict risk 0.59 is elevated;tempo gate failed — reject standard blend;shared pair rules triggered a hard block for standard blending,"style fit unavailable (missing style labels) — neutral;context fit unavailable (no context profile) — neutral;no context profile — role/fit is context-free;not DJ-validated — output is a candidate estimate, not ground truth;conflicting descriptors — interpretation is unstable;extreme BPM jump — reject standard blend; shared rules suggest a non-standard exit",,,,
e3b089eb3589fe94__fea8b371ffd2adc5,,Muskila - YARAO (Original Mix),Povoa - Hacked Lime (Original Mix),e3b089eb3589fe94,fea8b371ffd2adc5,data/raw/Muskila - YARAO (Original Mix).mp3,data/raw/Povoa - Hacked Lime (Original Mix).mp3,review_required,review_only,0.6437,0.69,phrase_aligned_blend,bass_swap,Auto mode selects bass swap because bass conflict risk 0.48 favors a deliberate low-end handoff.,short_blend;echo_out,True,pass,review,medium,direct,unknown,,0.4808,0.1605,e3b089eb3589fe94_tw3,mix_out,3:49-4:05,fea8b371ffd2adc5_tw2,mix_in,0:08-0:24,3:49-4:05,0:08-0:24,1.7719,club_peak;festival_daytime,harmonic risk 0.54 needs masking or careful transition timing;shared rules require manual review,moderate bass conflict (0.48);harmonic risk 0.54 — unknown key move;harmonic risk 0.54 needs masking or careful transition timing,"style fit unavailable (missing style labels) — neutral;low key confidence — verify key before trusting harmonic result;context fit unavailable (no context profile) — neutral;no context profile — role/fit is context-free;not DJ-validated — output is a candidate estimate, not ground truth;conflicting descriptors — interpretation is unstable;tempo gap is above easy-blend range — keep the overlap disciplined",,,,
ecf64aa98ccd4467__06987e170b8722e1,,Bicep - CHROMA 004 ROLA (Original Mix),BRUX (AUS) - Pull The Trigger (Original Mix),ecf64aa98ccd4467,06987e170b8722e1,data/raw/Bicep - CHROMA 004 ROLA (Original Mix).mp3,data/raw/BRUX (AUS) - Pull The Trigger (Original Mix).mp3,reject_standard_blend,suppress,0.5413,0.62,hard_cut,plain_blend,Auto mode falls back to plain blend because the engine prefers hard cut over a standard overlap.,echo_out,False,fail,review,low,half_time_of_b,unknown,,0.509,0.2477,ecf64aa98ccd4467_tw3,mix_out,4:38-4:49,06987e170b8722e1_tw2,mix_in,0:00-0:13,4:38-4:49,0:00-0:13,1.6615,,extreme BPM jump 25.7% breaches the shared hard limit;harmonic risk 0.58 needs masking or careful transition timing;shared hard block triggered recommendation suppression,moderate bass conflict (0.51);harmonic risk 0.58 — unknown key move;extreme BPM jump 25.7% breaches the shared hard limit;harmonic risk 0.58 needs masking or careful transition timing;tempo gate failed — reject standard blend;shared pair rules triggered a hard block for standard blending,"style fit unavailable (missing style labels) — neutral;low key confidence — verify key before trusting harmonic result;context fit unavailable (no context profile) — neutral;no context profile — role/fit is context-free;not DJ-validated — output is a candidate estimate, not ground truth;conflicting descriptors — interpretation is unstable;extreme BPM jump — reject standard blend; shared rules suggest a non-standard exit",,,,
ecf64aa98ccd4467__0b6db038bbd47b93,,Bicep - CHROMA 004 ROLA (Original Mix),"Fold, cu.rve - Business (Original Mix)",ecf64aa98ccd4467,0b6db038bbd47b93,data/raw/Bicep - CHROMA 004 ROLA (Original Mix).mp3,"data/raw/Fold, cu.rve - Business (Original Mix).mp3",reject_standard_blend,suppress,0.5073,0.62,hard_cut,plain_blend,Auto mode falls back to plain blend because the engine prefers hard cut over a standard overlap.,echo_out,False,fail,fail,low,half_time_of_b,risky,,0.4893,0.2477,ecf64aa98ccd4467_tw3,mix_out,4:38-4:49,0b6db038bbd47b93_tw3,mix_in,0:17-0:33,4:38-4:49,0:17-0:33,1.4976,,extreme BPM jump 25.7% breaches the shared hard limit;harmonic clash risk 0.80 breaches the shared hard limit;shared hard block triggered recommendation suppression,moderate bass conflict (0.49);harmonic risk 0.80 — risky key move;extreme BPM jump 25.7% breaches the shared hard limit;harmonic clash risk 0.80 breaches the shared hard limit;tempo gate failed — reject standard blend;harmonic gate failed — exposed key clash risk;shared pair rules triggered a hard block for standard blending,"style fit unavailable (missing style labels) — neutral;risky key relation, but low harmonic exposure may mask it;context fit unavailable (no context profile) — neutral;no context profile — role/fit is context-free;not DJ-validated — output is a candidate estimate, not ground truth;conflicting descriptors — interpretation is unstable;extreme BPM jump — reject standard blend; shared rules suggest a non-standard exit",,,,
ecf64aa98ccd4467__0d74f481c29d23c7,,Bicep - CHROMA 004 ROLA (Original Mix),Butch - Schlecker (Original Mix),ecf64aa98ccd4467,0d74f481c29d23c7,data/raw/Bicep - CHROMA 004 ROLA (Original Mix).mp3,data/raw/Butch - Schlecker (Original Mix).mp3,reject_standard_blend,suppress,0.5251,0.62,hard_cut,plain_blend,Auto mode falls back to plain blend because the engine prefers hard cut over a standard overlap.,echo_out,False,fail,fail,low,half_time_of_b,risky,,0.398,0.2477,ecf64aa98ccd4467_tw3,mix_out,4:38-4:49,0d74f481c29d23c7_tw1,mix_out,6:12-6:22,4:38-4:49,6:12-6:22,1.7722,club_closing;club_peak,extreme BPM jump 32.9% breaches the shared hard limit;harmonic clash risk 0.78 breaches the shared hard limit;shared hard block triggered recommendation suppression,harmonic risk 0.78 — risky key move;extreme BPM jump 32.9% breaches the shared hard limit;harmonic clash risk 0.78 breaches the shared hard limit;tempo gate failed — reject standard blend;harmonic gate failed — exposed key clash risk;shared pair rules triggered a hard block for standard blending,"style fit unavailable (missing style labels) — neutral;risky key relation, but low harmonic exposure may mask it;context fit unavailable (no context profile) — neutral;no context profile — role/fit is context-free;not DJ-validated — output is a candidate estimate, not ground truth;conflicting descriptors — interpretation is unstable;extreme BPM jump — reject standard blend; shared rules suggest a non-standard exit",,,,
ecf64aa98ccd4467__4056c8ee53cfb090,,Bicep - CHROMA 004 ROLA (Original Mix),"Oscar Farrell, Mount XLR - Mod Break (Original Mix)",ecf64aa98ccd4467,4056c8ee53cfb090,data/raw/Bicep - CHROMA 004 ROLA (Original Mix).mp3,"data/raw/Oscar Farrell, Mount XLR - Mod Break (Original Mix).mp3",reject_standard_blend,suppress,0.5258,0.62,hard_cut,plain_blend,Auto mode falls back to plain blend because the engine prefers hard cut over a standard overlap.,echo_out,False,fail,review,low,half_time_of_b,risky,,0.4923,0.2477,ecf64aa98ccd4467_tw3,mix_out,4:38-4:49,4056c8ee53cfb090_tw1,mix_in,1:20-1:36,4:38-4:49,1:20-1:36,1.8782,club_closing;club_peak,extreme BPM jump 29.5% breaches the shared hard limit;harmonic risk 0.67 needs masking or careful transition timing;shared hard block triggered recommendation suppression,moderate bass conflict (0.49);harmonic risk 0.67 — risky key move;extreme BPM jump 29.5% breaches the shared hard limit;harmonic risk 0.67 needs masking or careful transition timing;tempo gate failed — reject standard blend;shared pair rules triggered a hard block for standard blending,"style fit unavailable (missing style labels) — neutral;risky key relation, but low harmonic exposure may mask it;context fit unavailable (no context profile) — neutral;no context profile — role/fit is context-free;not DJ-validated — output is a candidate estimate, not ground truth;conflicting descriptors — interpretation is unstable;extreme BPM jump — reject standard blend; shared rules suggest a non-standard exit",,,,
ecf64aa98ccd4467__48c18f8c79fc588e,,Bicep - CHROMA 004 ROLA (Original Mix),"Mala, Magugu - Militant Don (Vocal)",ecf64aa98ccd4467,48c18f8c79fc588e,data/raw/Bicep - CHROMA 004 ROLA (Original Mix).mp3,"data/raw/Mala, Magugu - Militant Don (Vocal).mp3",reject_standard_blend,suppress,0.5004,0.62,hard_cut,plain_blend,Auto mode falls back to plain blend because the engine prefers hard cut over a standard overlap.,echo_out,False,fail,review,low,half_time_of_b,risky,,0.5185,0.2477,ecf64aa98ccd4467_tw3,mix_out,4:38-4:49,48c18f8c79fc588e_tw1,mix_in,0:16-0:32,4:38-4:49,0:16-0:32,1.6592,,extreme BPM jump 25.7% breaches the shared hard limit;harmonic risk 0.67 needs masking or careful transition timing;shared hard block triggered recommendation suppression,moderate bass conflict (0.52);harmonic risk 0.67 — risky key move;extreme BPM jump 25.7% breaches the shared hard limit;harmonic risk 0.67 needs masking or careful transition timing;tempo gate failed — reject standard blend;shared pair rules triggered a hard block for standard blending,"style fit unavailable (missing style labels) — neutral;risky key relation, but low harmonic exposure may mask it;context fit unavailable (no context profile) — neutral;no context profile — role/fit is context-free;not DJ-validated — output is a candidate estimate, not ground truth;conflicting descriptors — interpretation is unstable;extreme BPM jump — reject standard blend; shared rules suggest a non-standard exit",,,,
ecf64aa98ccd4467__76609e489f01f9de,,Bicep - CHROMA 004 ROLA (Original Mix),Rohaan - Got No _3 (Original Mix),ecf64aa98ccd4467,76609e489f01f9de,data/raw/Bicep - CHROMA 004 ROLA (Original Mix).mp3,data/raw/Rohaan - Got No _3 (Original Mix).mp3,reject_standard_blend,suppress,0.5304,0.62,reset,plain_blend,Auto mode falls back to plain blend because the engine prefers reset over a standard overlap.,echo_out;hard_cut,False,fail,review,low,half_time_of_b,unknown,,0.4604,0.2477,ecf64aa98ccd4467_tw3,mix_out,4:38-4:49,76609e489f01f9de_tw1,bridge,1:31-1:47,4:38-4:49,1:31-1:47,1.5535,club_closing;club_peak,extreme BPM jump 25.7% breaches the shared hard limit;harmonic risk 0.61 needs masking or careful transition timing;shared hard block triggered recommendation suppression,moderate bass conflict (0.46);harmonic risk 0.61 — unknown key move;extreme BPM jump 25.7% breaches the shared hard limit;harmonic risk 0.61 needs masking or careful transition timing;tempo gate failed — reject standard blend;shared pair rules triggered a hard block for standard blending,"style fit unavailable (missing style labels) — neutral;low key confidence — verify key before trusting harmonic result;context fit unavailable (no context profile) — neutral;no context profile — role/fit is context-free;not DJ-validated — output is a candidate estimate, not ground truth;conflicting descriptors — interpretation is unstable;extreme BPM jump — reject standard blend; shared rules suggest a non-standard exit",,,,
ecf64aa98ccd4467__79d93a2a256d0920,,Bicep - CHROMA 004 ROLA (Original Mix),Bodhi - Thirst (Original Mix),ecf64aa98ccd4467,79d93a2a256d0920,data/raw/Bicep - CHROMA 004 ROLA (Original Mix).mp3,data/raw/Bodhi - Thirst (Original Mix).mp3,reject_standard_blend,suppress,0.5692,0.62,hard_cut,plain_blend,Auto mode falls back to plain blend because the engine prefers hard cut over a standard overlap.,echo_out,False,fail,pass,low,half_time_of_b,exact,,0.4016,0.2477,ecf64aa98ccd4467_tw3,mix_out,4:38-4:49,79d93a2a256d0920_tw1,mix_in,0:59-1:15,4:38-4:49,0:59-1:15,1.8682,club_peak,extreme BPM jump 27.6% breaches the shared hard limit;shared hard block triggered recommendation suppression,moderate bass conflict (0.40);extreme BPM jump 27.6% breaches the shared hard limit;tempo gate failed — reject standard blend;shared pair rules triggered a hard block for standard blending,"style fit unavailable (missing style labels) — neutral;context fit unavailable (no context profile) — neutral;no context profile — role/fit is context-free;not DJ-validated — output is a candidate estimate, not ground truth;conflicting descriptors — interpretation is unstable;extreme BPM jump — reject standard blend; shared rules suggest a non-standard exit",,,,
ecf64aa98ccd4467__85d8116989ea2f32,,Bicep - CHROMA 004 ROLA (Original Mix),O_Flynn - Srekye (Extended Mix),ecf64aa98ccd4467,85d8116989ea2f32,data/raw/Bicep - CHROMA 004 ROLA (Original Mix).mp3,data/raw/O_Flynn - Srekye (Extended Mix).mp3,reject_standard_blend,suppress,0.5057,0.62,hard_cut,plain_blend,Auto mode falls back to plain blend because the engine prefers hard cut over a standard overlap.,echo_out,False,fail,review,low,half_time_of_b,unknown,,0.418,0.2477,ecf64aa98ccd4467_tw3,mix_out,4:38-4:49,85d8116989ea2f32_tw2,mix_in,0:08-0:24,4:38-4:49,0:08-0:24,1.6917,club_closing;club_peak,extreme BPM jump 29.5% breaches the shared hard limit;harmonic risk 0.61 needs masking or careful transition timing;shared hard block triggered recommendation suppression,moderate bass conflict (0.42);harmonic risk 0.61 — unknown key move;extreme BPM jump 29.5% breaches the shared hard limit;harmonic risk 0.61 needs masking or careful transition timing;tempo gate failed — reject standard blend;shared pair rules triggered a hard block for standard blending,"style fit unavailable (missing style labels) — neutral;low key confidence — verify key before trusting harmonic result;context fit unavailable (no context profile) — neutral;no context profile — role/fit is context-free;not DJ-validated — output is a candidate estimate, not ground truth;conflicting descriptors — interpretation is unstable;extreme BPM jump — reject standard blend; shared rules suggest a non-standard exit",,,,
ecf64aa98ccd4467__a749c305f32f7d51,,Bicep - CHROMA 004 ROLA (Original Mix),AIROD - Rave Cycle (Original Mix),ecf64aa98ccd4467,a749c305f32f7d51,data/raw/Bicep - CHROMA 004 ROLA (Original Mix).mp3,data/raw/AIROD - Rave Cycle (Original Mix).mp3,reject_standard_blend,suppress,0.5547,0.62,hard_cut,plain_blend,Auto mode falls back to plain blend because the engine prefers hard cut over a standard overlap.,echo_out,False,fail,review,low,half_time_of_b,unknown,,0.5903,0.0959,ecf64aa98ccd4467_tw3,mix_out,4:38-4:49,a749c305f32f7d51_tw1,mix_in,0:00-0:09,4:38-4:49,0:00-0:09,1.9467,club_closing;club_peak,extreme BPM jump 31.2% breaches the shared hard limit;harmonic risk 0.53 needs masking or careful transition timing;bass conflict risk 0.59 is elevated;shared hard block triggered recommendation suppression,moderate bass conflict (0.59);harmonic risk 0.53 — unknown key move;extreme BPM jump 31.2% breaches the shared hard limit;harmonic risk 0.53 needs masking or careful transition timing;bass conflict risk 0.59 is elevated;tempo gate failed — reject standard blend;shared pair rules triggered a hard block for standard blending,"style fit unavailable (missing style labels) — neutral;low key confidence — verify key before trusting harmonic result;context fit unavailable (no context profile) — neutral;no context profile — role/fit is context-free;not DJ-validated — output is a candidate estimate, not ground truth;conflicting descriptors — interpretation is unstable;extreme BPM jump — reject standard blend; shared rules suggest a non-standard exit",,,,
ecf64aa98ccd4467__aaecfee7674ae3ed,,Bicep - CHROMA 004 ROLA (Original Mix),"TSVI, Josi Devil - M.e.S (feat. TSVI) (feat. TSVI)",ecf64aa98ccd4467,aaecfee7674ae3ed,data/raw/Bicep - CHROMA 004 ROLA (Original Mix).mp3,"data/raw/TSVI, Josi Devil - M.e.S (feat. TSVI) (feat. TSVI).mp3",reject_standard_blend,suppress,0.5422,0.62,hard_cut,plain_blend,Auto mode falls back to plain blend because the engine prefers hard cut over a standard overlap.,echo_out,False,fail,review,low,half_time_of_b,risky,,0.5903,0.1082,ecf64aa98ccd4467_tw3,mix_out,4:38-4:49,aaecfee7674ae3ed_tw1,mix_in,0:33-0:49,4:38-4:49,0:33-0:49,2.0021,club_closing;club_peak,extreme BPM jump 23.6% breaches the shared hard limit;harmonic risk 0.70 needs masking or careful transition timing;bass conflict risk 0.59 is elevated;shared hard block triggered recommendation suppression,moderate bass conflict (0.59);harmonic risk 0.70 — risky key move;extreme BPM jump 23.6% breaches the shared hard limit;harmonic risk 0.70 needs masking or careful transition timing;bass conflict risk 0.59 is elevated;tempo gate failed — reject standard blend;shared pair rules triggered a hard block for standard blending,"style fit unavailable (missing style labels) — neutral;risky key relation, but low harmonic exposure may mask it;context fit unavailable (no context profile) — neutral;no context profile — role/fit is context-free;not DJ-validated — output is a candidate estimate, not ground truth;conflicting descriptors — interpretation is unstable;extreme BPM jump — reject standard blend; shared rules suggest a non-standard exit",,,,
ecf64aa98ccd4467__b2d3c5c17b5e26ac,,Bicep - CHROMA 004 ROLA (Original Mix),Bodhi - 433Mhz (Original Mix),ecf64aa98ccd4467,b2d3c5c17b5e26ac,data/raw/Bicep - CHROMA 004 ROLA (Original Mix).mp3,data/raw/Bodhi - 433Mhz (Original Mix).mp3,reject_standard_blend,suppress,0.5367,0.62,hard_cut,plain_blend,Auto mode falls back to plain blend because the engine prefers hard cut over a standard overlap.,echo_out,False,fail,pass,low,half_time_of_b,exact,,0.4354,0.2477,ecf64aa98ccd4467_tw3,mix_out,4:38-4:49,b2d3c5c17b5e26ac_tw2,mix_in,0:49-1:05,4:38-4:49,0:49-1:05,1.6596,,extreme BPM jump 27.6% breaches the shared hard limit;shared hard block triggered recommendation suppression,moderate bass conflict (0.44);extreme BPM jump 27.6% breaches the shared hard limit;tempo gate failed — reject standard blend;shared pair rules triggered a hard block for standard blending,"style fit unavailable (missing style labels) — neutral;low key confidence — verify key before trusting harmonic result;context fit unavailable (no context profile) — neutral;no context profile — role/fit is context-free;not DJ-validated — output is a candidate estimate, not ground truth;conflicting descriptors — interpretation is unstable;extreme BPM jump — reject standard blend; shared rules suggest a non-standard exit",,,,
ecf64aa98ccd4467__deb940c4a6052fed,,Bicep - CHROMA 004 ROLA (Original Mix),Jorg Kuning - Mercedes (Original Mix),ecf64aa98ccd4467,deb940c4a6052fed,data/raw/Bicep - CHROMA 004 ROLA (Original Mix).mp3,data/raw/Jorg Kuning - Mercedes (Original Mix).mp3,reject_standard_blend,suppress,0.5113,0.62,hard_cut,plain_blend,Auto mode falls back to plain blend because the engine prefers hard cut over a standard overlap.,echo_out,False,fail,review,low,half_time_of_b,risky,,0.5903,0.2477,ecf64aa98ccd4467_tw3,mix_out,4:38-4:49,deb940c4a6052fed_tw1,mix_in,0:03-0:19,4:38-4:49,0:03-0:19,1.7944,,extreme BPM jump 29.5% breaches the shared hard limit;harmonic risk 0.73 needs masking or careful transition timing;bass conflict risk 0.59 is elevated;shared hard block triggered recommendation suppression,moderate bass conflict (0.59);harmonic risk 0.73 — risky key move;extreme BPM jump 29.5% breaches the shared hard limit;harmonic risk 0.73 needs masking or careful transition timing;bass conflict risk 0.59 is elevated;tempo gate failed — reject standard blend;shared pair rules triggered a hard block for standard blending,"style fit unavailable (missing style labels) — neutral;risky key relation, but low harmonic exposure may mask it;context fit unavailable (no context profile) — neutral;no context profile — role/fit is context-free;not DJ-validated — output is a candidate estimate, not ground truth;conflicting descriptors — interpretation is unstable;extreme BPM jump — reject standard blend; shared rules suggest a non-standard exit",,,,
ecf64aa98ccd4467__e3b089eb3589fe94,,Bicep - CHROMA 004 ROLA (Original Mix),Muskila - YARAO (Original Mix),ecf64aa98ccd4467,e3b089eb3589fe94,data/raw/Bicep - CHROMA 004 ROLA (Original Mix).mp3,data/raw/Muskila - YARAO (Original Mix).mp3,reject_standard_blend,suppress,0.5487,0.62,hard_cut,plain_blend,Auto mode falls back to plain blend because the engine prefers hard cut over a standard overlap.,echo_out,False,fail,pass,low,half_time_of_b,adjacent_same_mode,,0.5903,0.1605,ecf64aa98ccd4467_tw3,mix_out,4:38-4:49,e3b089eb3589fe94_tw2,mix_in,0:00-0:16,4:38-4:49,0:00-0:16,1.8388,,extreme BPM jump 27.6% breaches the shared hard limit;bass conflict risk 0.59 is elevated;shared hard block triggered recommendation suppression,moderate bass conflict (0.59);extreme BPM jump 27.6% breaches the shared hard limit;bass conflict risk 0.59 is elevated;tempo gate failed — reject standard blend;shared pair rules triggered a hard block for standard blending,"style fit unavailable (missing style labels) — neutral;context fit unavailable (no context profile) — neutral;no context profile — role/fit is context-free;not DJ-validated — output is a candidate estimate, not ground truth;conflicting descriptors — interpretation is unstable;extreme BPM jump — reject standard blend; shared rules suggest a non-standard exit",,,,
ecf64aa98ccd4467__fea8b371ffd2adc5,,Bicep - CHROMA 004 ROLA (Original Mix),Povoa - Hacked Lime (Original Mix),ecf64aa98ccd4467,fea8b371ffd2adc5,data/raw/Bicep - CHROMA 004 ROLA (Original Mix).mp3,data/raw/Povoa - Hacked Lime (Original Mix).mp3,reject_standard_blend,suppress,0.5373,0.62,hard_cut,plain_blend,Auto mode falls back to plain blend because the engine prefers hard cut over a standard overlap.,echo_out,False,fail,review,low,half_time_of_b,unknown,,0.4808,0.2431,ecf64aa98ccd4467_tw3,mix_out,4:38-4:49,fea8b371ffd2adc5_tw2,mix_in,0:08-0:24,4:38-4:49,0:08-0:24,1.7321,club_peak,extreme BPM jump 31.2% breaches the shared hard limit;harmonic risk 0.56 needs masking or careful transition timing;shared hard block triggered recommendation suppression,moderate bass conflict (0.48);harmonic risk 0.56 — unknown key move;extreme BPM jump 31.2% breaches the shared hard limit;harmonic risk 0.56 needs masking or careful transition timing;tempo gate failed — reject standard blend;shared pair rules triggered a hard block for standard blending,"style fit unavailable (missing style labels) — neutral;low key confidence — verify key before trusting harmonic result;context fit unavailable (no context profile) — neutral;no context profile — role/fit is context-free;not DJ-validated — output is a candidate estimate, not ground truth;conflicting descriptors — interpretation is unstable;extreme BPM jump — reject standard blend; shared rules suggest a non-standard exit",,,,
fea8b371ffd2adc5__06987e170b8722e1,,Povoa - Hacked Lime (Original Mix),BRUX (AUS) - Pull The Trigger (Original Mix),fea8b371ffd2adc5,06987e170b8722e1,data/raw/Povoa - Hacked Lime (Original Mix).mp3,data/raw/BRUX (AUS) - Pull The Trigger (Original Mix).mp3,non_standard_strategy_required,review_only,0.623,0.69,tempo_ramp,plain_blend,Auto mode falls back to plain blend because the engine prefers tempo ramp over a standard overlap.,echo_out;break_transition;hard_cut,False,strategy_dependent,review,medium,direct,unknown,,0.4808,0.2431,fea8b371ffd2adc5_tw1,bridge,2:31-2:47,06987e170b8722e1_tw2,mix_in,0:00-0:13,2:31-2:47,0:00-0:13,1.6555,club_opening;festival_daytime,effective BPM gap 8.1% needs a non-standard tempo strategy;harmonic risk 0.59 needs masking or careful transition timing;shared rules require manual review,moderate bass conflict (0.48);harmonic risk 0.59 — unknown key move;effective BPM gap 8.1% needs a non-standard tempo strategy;harmonic risk 0.59 needs masking or careful transition timing;tempo relation requires a non-standard transition strategy,"style fit unavailable (missing style labels) — neutral;low key confidence — verify key before trusting harmonic result;context fit unavailable (no context profile) — neutral;no context profile — role/fit is context-free;not DJ-validated — output is a candidate estimate, not ground truth;conflicting descriptors — interpretation is unstable;standard blend is risky at this BPM gap — non-standard strategy preferred; shared rules suggest a non-standard exit",,,,
fea8b371ffd2adc5__0b6db038bbd47b93,,Povoa - Hacked Lime (Original Mix),"Fold, cu.rve - Business (Original Mix)",fea8b371ffd2adc5,0b6db038bbd47b93,data/raw/Povoa - Hacked Lime (Original Mix).mp3,"data/raw/Fold, cu.rve - Business (Original Mix).mp3",non_standard_strategy_required,review_only,0.6044,0.69,tempo_ramp,plain_blend,Auto mode falls back to plain blend because the engine prefers tempo ramp over a standard overlap.,echo_out;break_transition;hard_cut,False,strategy_dependent,review,medium,direct,unknown,,0.4808,0.2431,fea8b371ffd2adc5_tw1,bridge,2:31-2:47,0b6db038bbd47b93_tw3,mix_in,0:17-0:33,2:31-2:47,0:17-0:33,1.5121,club_opening;festival_daytime,effective BPM gap 8.1% needs a non-standard tempo strategy;harmonic risk 0.59 needs masking or careful transition timing;shared rules require manual review,moderate bass conflict (0.48);harmonic risk 0.59 — unknown key move;effective BPM gap 8.1% needs a non-standard tempo strategy;harmonic risk 0.59 needs masking or careful transition timing;tempo relation requires a non-standard transition strategy,"style fit unavailable (missing style labels) — neutral;low key confidence — verify key before trusting harmonic result;context fit unavailable (no context profile) — neutral;no context profile — role/fit is context-free;not DJ-validated — output is a candidate estimate, not ground truth;conflicting descriptors — interpretation is unstable;standard blend is risky at this BPM gap — non-standard strategy preferred; shared rules suggest a non-standard exit",,,,
fea8b371ffd2adc5__0d74f481c29d23c7,,Povoa - Hacked Lime (Original Mix),Butch - Schlecker (Original Mix),fea8b371ffd2adc5,0d74f481c29d23c7,data/raw/Povoa - Hacked Lime (Original Mix).mp3,data/raw/Butch - Schlecker (Original Mix).mp3,review_required,review_only,0.6954,0.69,short_blend,contour_blend,Auto mode selects contour blend because vocal or mid exposure 0.24 favors a shaped overlap.,phrase_aligned_blend;standard_blend,True,pass,review,high,direct,unknown,,0.398,0.2431,fea8b371ffd2adc5_tw1,bridge,2:31-2:47,0d74f481c29d23c7_tw1,mix_out,6:12-6:22,2:31-2:47,6:12-6:22,1.8592,club_closing;club_opening;club_peak;festival_daytime,harmonic risk 0.59 needs masking or careful transition timing;shared rules require manual review,harmonic risk 0.59 — unknown key move;harmonic risk 0.59 needs masking or careful transition timing,"style fit unavailable (missing style labels) — neutral;low key confidence — verify key before trusting harmonic result;context fit unavailable (no context profile) — neutral;no context profile — role/fit is context-free;not DJ-validated — output is a candidate estimate, not ground truth;conflicting descriptors — interpretation is unstable",,,,
fea8b371ffd2adc5__4056c8ee53cfb090,,Povoa - Hacked Lime (Original Mix),"Oscar Farrell, Mount XLR - Mod Break (Original Mix)",fea8b371ffd2adc5,4056c8ee53cfb090,data/raw/Povoa - Hacked Lime (Original Mix).mp3,"data/raw/Oscar Farrell, Mount XLR - Mod Break (Original Mix).mp3",review_required,review_only,0.6987,0.69,short_blend,bass_swap,Auto mode selects bass swap because bass conflict risk 0.48 favors a deliberate low-end handoff.,phrase_aligned_blend;standard_blend,True,pass,review,high,direct,unknown,,0.4808,0.2431,fea8b371ffd2adc5_tw1,bridge,2:31-2:47,4056c8ee53cfb090_tw1,mix_in,1:20-1:36,2:31-2:47,1:20-1:36,1.9741,club_closing;club_opening;club_peak;festival_daytime,harmonic risk 0.57 needs masking or careful transition timing;shared rules require manual review,moderate bass conflict (0.48);harmonic risk 0.57 — unknown key move;harmonic risk 0.57 needs masking or careful transition timing,"style fit unavailable (missing style labels) — neutral;low key confidence — verify key before trusting harmonic result;context fit unavailable (no context profile) — neutral;no context profile — role/fit is context-free;not DJ-validated — output is a candidate estimate, not ground truth;conflicting descriptors — interpretation is unstable",,,,
fea8b371ffd2adc5__48c18f8c79fc588e,,Povoa - Hacked Lime (Original Mix),"Mala, Magugu - Militant Don (Vocal)",fea8b371ffd2adc5,48c18f8c79fc588e,data/raw/Povoa - Hacked Lime (Original Mix).mp3,"data/raw/Mala, Magugu - Militant Don (Vocal).mp3",non_standard_strategy_required,review_only,0.6183,0.69,tempo_ramp,plain_blend,Auto mode falls back to plain blend because the engine prefers tempo ramp over a standard overlap.,echo_out;break_transition;hard_cut,False,strategy_dependent,review,medium,direct,unknown,,0.4808,0.2431,fea8b371ffd2adc5_tw1,bridge,2:31-2:47,48c18f8c79fc588e_tw1,mix_in,0:16-0:32,2:31-2:47,0:16-0:32,1.7174,club_opening;festival_daytime,effective BPM gap 8.1% needs a non-standard tempo strategy;harmonic risk 0.57 needs masking or careful transition timing;shared rules require manual review,moderate bass conflict (0.48);harmonic risk 0.57 — unknown key move;effective BPM gap 8.1% needs a non-standard tempo strategy;harmonic risk 0.57 needs masking or careful transition timing;tempo relation requires a non-standard transition strategy,"style fit unavailable (missing style labels) — neutral;low key confidence — verify key before trusting harmonic result;context fit unavailable (no context profile) — neutral;no context profile — role/fit is context-free;not DJ-validated — output is a candidate estimate, not ground truth;conflicting descriptors — interpretation is unstable;standard blend is risky at this BPM gap — non-standard strategy preferred; shared rules suggest a non-standard exit",,,,
fea8b371ffd2adc5__76609e489f01f9de,,Povoa - Hacked Lime (Original Mix),Rohaan - Got No _3 (Original Mix),fea8b371ffd2adc5,76609e489f01f9de,data/raw/Povoa - Hacked Lime (Original Mix).mp3,data/raw/Rohaan - Got No _3 (Original Mix).mp3,non_standard_strategy_required,review_only,0.6157,0.69,tempo_ramp,plain_blend,Auto mode falls back to plain blend because the engine prefers tempo ramp over a standard overlap.,echo_out;break_transition;hard_cut,False,strategy_dependent,review,medium,direct,unknown,,0.4604,0.2431,fea8b371ffd2adc5_tw1,bridge,2:31-2:47,76609e489f01f9de_tw1,bridge,1:31-1:47,2:31-2:47,1:31-1:47,1.5555,club_closing;club_opening;club_peak;festival_daytime,effective BPM gap 8.1% needs a non-standard tempo strategy;harmonic risk 0.61 needs masking or careful transition timing;shared rules require manual review,moderate bass conflict (0.46);harmonic risk 0.61 — unknown key move;effective BPM gap 8.1% needs a non-standard tempo strategy;harmonic risk 0.61 needs masking or careful transition timing;tempo relation requires a non-standard transition strategy,"style fit unavailable (missing style labels) — neutral;low key confidence — verify key before trusting harmonic result;context fit unavailable (no context profile) — neutral;no context profile — role/fit is context-free;not DJ-validated — output is a candidate estimate, not ground truth;conflicting descriptors — interpretation is unstable;standard blend is risky at this BPM gap — non-standard strategy preferred; shared rules suggest a non-standard exit",,,,
fea8b371ffd2adc5__79d93a2a256d0920,,Povoa - Hacked Lime (Original Mix),Bodhi - Thirst (Original Mix),fea8b371ffd2adc5,79d93a2a256d0920,data/raw/Povoa - Hacked Lime (Original Mix).mp3,data/raw/Bodhi - Thirst (Original Mix).mp3,review_required,review_only,0.6353,0.69,phrase_aligned_blend,contour_blend,Auto mode selects contour blend because vocal or mid exposure 0.24 favors a shaped overlap.,short_blend;echo_out,True,pass,review,medium,direct,unknown,,0.4016,0.2431,fea8b371ffd2adc5_tw1,bridge,2:31-2:47,79d93a2a256d0920_tw1,mix_in,0:59-1:15,2:31-2:47,0:59-1:15,1.8569,club_opening;club_peak;festival_daytime,harmonic risk 0.59 needs masking or careful transition timing;shared rules require manual review,moderate bass conflict (0.40);harmonic risk 0.59 — unknown key move;harmonic risk 0.59 needs masking or careful transition timing,"style fit unavailable (missing style labels) — neutral;low key confidence — verify key before trusting harmonic result;context fit unavailable (no context profile) — neutral;no context profile — role/fit is context-free;not DJ-validated — output is a candidate estimate, not ground truth;conflicting descriptors — interpretation is unstable;tempo gap is above easy-blend range — keep the overlap disciplined",,,,
fea8b371ffd2adc5__85d8116989ea2f32,,Povoa - Hacked Lime (Original Mix),O_Flynn - Srekye (Extended Mix),fea8b371ffd2adc5,85d8116989ea2f32,data/raw/Povoa - Hacked Lime (Original Mix).mp3,data/raw/O_Flynn - Srekye (Extended Mix).mp3,review_required,review_only,0.6626,0.69,short_blend,contour_blend,Auto mode selects contour blend because vocal or mid exposure 0.24 favors a shaped overlap.,phrase_aligned_blend;standard_blend,True,pass,review,high,direct,unknown,,0.418,0.2431,fea8b371ffd2adc5_tw1,bridge,2:31-2:47,85d8116989ea2f32_tw2,mix_in,0:08-0:24,2:31-2:47,0:08-0:24,1.7621,club_closing;club_opening;club_peak;festival_daytime,harmonic risk 0.61 needs masking or careful transition timing;shared rules require manual review,moderate bass conflict (0.42);harmonic risk 0.61 — unknown key move;harmonic risk 0.61 needs masking or careful transition timing,"style fit unavailable (missing style labels) — neutral;low key confidence — verify key before trusting harmonic result;context fit unavailable (no context profile) — neutral;no context profile — role/fit is context-free;not DJ-validated — output is a candidate estimate, not ground truth;conflicting descriptors — interpretation is unstable",,,,
fea8b371ffd2adc5__a749c305f32f7d51,,Povoa - Hacked Lime (Original Mix),AIROD - Rave Cycle (Original Mix),fea8b371ffd2adc5,a749c305f32f7d51,data/raw/Povoa - Hacked Lime (Original Mix).mp3,data/raw/AIROD - Rave Cycle (Original Mix).mp3,review_required,review_only,0.7273,0.69,standard_blend,bass_swap,Auto mode selects bass swap because bass conflict risk 0.48 favors a deliberate low-end handoff.,phrase_aligned_blend;short_blend,True,pass,review,high,direct,unknown,,0.4808,0.0959,fea8b371ffd2adc5_tw1,bridge,2:31-2:47,a749c305f32f7d51_tw1,mix_in,0:00-0:09,2:31-2:47,0:00-0:09,2.0423,club_closing;club_opening;club_peak;festival_daytime,harmonic risk 0.53 needs masking or careful transition timing;shared rules require manual review,moderate bass conflict (0.48);harmonic risk 0.53 — unknown key move;harmonic risk 0.53 needs masking or careful transition timing,"style fit unavailable (missing style labels) — neutral;low key confidence — verify key before trusting harmonic result;context fit unavailable (no context profile) — neutral;no context profile — role/fit is context-free;not DJ-validated — output is a candidate estimate, not ground truth;conflicting descriptors — interpretation is unstable",,,,
fea8b371ffd2adc5__aaecfee7674ae3ed,,Povoa - Hacked Lime (Original Mix),"TSVI, Josi Devil - M.e.S (feat. TSVI) (feat. TSVI)",fea8b371ffd2adc5,aaecfee7674ae3ed,data/raw/Povoa - Hacked Lime (Original Mix).mp3,"data/raw/TSVI, Josi Devil - M.e.S (feat. TSVI) (feat. TSVI).mp3",non_standard_strategy_required,review_only,0.5872,0.69,break_transition,plain_blend,Auto mode falls back to plain blend because the engine prefers break transition over a standard overlap.,hard_cut;reset;echo_out,False,strategy_dependent,review,low,direct,unknown,,0.4808,0.1082,fea8b371ffd2adc5_tw1,bridge,2:31-2:47,aaecfee7674ae3ed_tw1,mix_in,0:33-0:49,2:31-2:47,0:33-0:49,1.9938,club_closing;club_opening;club_peak;festival_daytime,large BPM jump 11.1% rejects a standard blend;harmonic risk 0.53 needs masking or careful transition timing;shared rules require manual review,moderate bass conflict (0.48);harmonic risk 0.53 — unknown key move;large BPM jump 11.1% rejects a standard blend;harmonic risk 0.53 needs masking or careful transition timing;tempo relation requires a non-standard transition strategy,"style fit unavailable (missing style labels) — neutral;low key confidence — verify key before trusting harmonic result;context fit unavailable (no context profile) — neutral;no context profile — role/fit is context-free;not DJ-validated — output is a candidate estimate, not ground truth;conflicting descriptors — interpretation is unstable;large BPM jump — treat as a transition move, not a standard blend; shared rules suggest a non-standard exit",,,,
fea8b371ffd2adc5__b2d3c5c17b5e26ac,,Povoa - Hacked Lime (Original Mix),Bodhi - 433Mhz (Original Mix),fea8b371ffd2adc5,b2d3c5c17b5e26ac,data/raw/Povoa - Hacked Lime (Original Mix).mp3,data/raw/Bodhi - 433Mhz (Original Mix).mp3,review_required,review_only,0.6278,0.69,phrase_aligned_blend,contour_blend,Auto mode selects contour blend because vocal or mid exposure 0.24 favors a shaped overlap.,short_blend;echo_out,True,pass,review,medium,direct,unknown,,0.4354,0.2431,fea8b371ffd2adc5_tw1,bridge,2:31-2:47,b2d3c5c17b5e26ac_tw2,mix_in,0:49-1:05,2:31-2:47,0:49-1:05,1.6914,club_opening;festival_daytime,harmonic risk 0.60 needs masking or careful transition timing;shared rules require manual review,moderate bass conflict (0.44);harmonic risk 0.60 — unknown key move;harmonic risk 0.60 needs masking or careful transition timing,"style fit unavailable (missing style labels) — neutral;low key confidence — verify key before trusting harmonic result;context fit unavailable (no context profile) — neutral;no context profile — role/fit is context-free;not DJ-validated — output is a candidate estimate, not ground truth;conflicting descriptors — interpretation is unstable;tempo gap is above easy-blend range — keep the overlap disciplined",,,,
fea8b371ffd2adc5__deb940c4a6052fed,,Povoa - Hacked Lime (Original Mix),Jorg Kuning - Mercedes (Original Mix),fea8b371ffd2adc5,deb940c4a6052fed,data/raw/Povoa - Hacked Lime (Original Mix).mp3,data/raw/Jorg Kuning - Mercedes (Original Mix).mp3,review_required,review_only,0.6872,0.69,short_blend,bass_swap,Auto mode selects bass swap because bass conflict risk 0.48 favors a deliberate low-end handoff.,phrase_aligned_blend;standard_blend,True,pass,review,high,direct,unknown,,0.4808,0.2431,fea8b371ffd2adc5_tw1,bridge,2:31-2:47,deb940c4a6052fed_tw1,mix_in,0:03-0:19,2:31-2:47,0:03-0:19,1.8884,club_opening;festival_daytime,harmonic risk 0.57 needs masking or careful transition timing;shared rules require manual review,moderate bass conflict (0.48);harmonic risk 0.57 — unknown key move;harmonic risk 0.57 needs masking or careful transition timing,"style fit unavailable (missing style labels) — neutral;low key confidence — verify key before trusting harmonic result;context fit unavailable (no context profile) — neutral;no context profile — role/fit is context-free;not DJ-validated — output is a candidate estimate, not ground truth;conflicting descriptors — interpretation is unstable",,,,
fea8b371ffd2adc5__e3b089eb3589fe94,,Povoa - Hacked Lime (Original Mix),Muskila - YARAO (Original Mix),fea8b371ffd2adc5,e3b089eb3589fe94,data/raw/Povoa - Hacked Lime (Original Mix).mp3,data/raw/Muskila - YARAO (Original Mix).mp3,review_required,review_only,0.6491,0.69,phrase_aligned_blend,bass_swap,Auto mode selects bass swap because bass conflict risk 0.48 favors a deliberate low-end handoff.,short_blend;echo_out,True,pass,review,medium,direct,unknown,,0.4808,0.1605,fea8b371ffd2adc5_tw1,bridge,2:31-2:47,e3b089eb3589fe94_tw2,mix_in,0:00-0:16,2:31-2:47,0:00-0:16,1.8798,club_opening;festival_daytime,harmonic risk 0.54 needs masking or careful transition timing;shared rules require manual review,moderate bass conflict (0.48);harmonic risk 0.54 — unknown key move;harmonic risk 0.54 needs masking or careful transition timing,"style fit unavailable (missing style labels) — neutral;low key confidence — verify key before trusting harmonic result;context fit unavailable (no context profile) — neutral;no context profile — role/fit is context-free;not DJ-validated — output is a candidate estimate, not ground truth;conflicting descriptors — interpretation is unstable;tempo gap is above easy-blend range — keep the overlap disciplined",,,,
fea8b371ffd2adc5__ecf64aa98ccd4467,,Povoa - Hacked Lime (Original Mix),Bicep - CHROMA 004 ROLA (Original Mix),fea8b371ffd2adc5,ecf64aa98ccd4467,data/raw/Povoa - Hacked Lime (Original Mix).mp3,data/raw/Bicep - CHROMA 004 ROLA (Original Mix).mp3,reject_standard_blend,suppress,0.5443,0.62,reset,plain_blend,Auto mode falls back to plain blend because the engine prefers reset over a standard overlap.,echo_out;hard_cut,False,fail,review,low,direct,unknown,,0.4808,0.2431,fea8b371ffd2adc5_tw1,bridge,2:31-2:47,ecf64aa98ccd4467_tw2,mix_in,0:00-0:09,2:31-2:47,0:00-0:09,1.783,club_opening;festival_daytime,extreme BPM jump 27.3% breaches the shared hard limit;harmonic risk 0.56 needs masking or careful transition timing;shared hard block triggered recommendation suppression,moderate bass conflict (0.48);harmonic risk 0.56 — unknown key move;extreme BPM jump 27.3% breaches the shared hard limit;harmonic risk 0.56 needs masking or careful transition timing;tempo gate failed — reject standard blend;shared pair rules triggered a hard block for standard blending,"style fit unavailable (missing style labels) — neutral;low key confidence — verify key before trusting harmonic result;context fit unavailable (no context profile) — neutral;no context profile — role/fit is context-free;not DJ-validated — output is a candidate estimate, not ground truth;conflicting descriptors — interpretation is unstable;extreme BPM jump — reject standard blend; shared rules suggest a non-standard exit",,,,
